Item,Subject_Gender,Object_Gender,Word,WordNo,RT
1,match,match,De,1.0,305.0
1,match,match,professor,2.0,183.0
1,match,match,besprak,3.0,300.3333333333333
1,match,match,met,4.0,292.0
1,match,match,een,5.0,239.66666666666666
1,match,match,vriend,6.0,184.0
1,match,match,de,7.0,219.33333333333334
1,match,match,nieuwe,8.0,206.0
1,match,match,resultaten,9.0,208.0
1,match,match,die,10.0,239.0
1,match,match,periode.,11.0,283.0
1,match,match,De,12.0,367.0
1,match,match,hele,13.0,258.0
1,match,match,week,14.0,186.0
1,match,match,lag,15.0,197.0
1,match,match,hij,16.0,184.0
1,match,match,met,17.0,209.33333333333334
1,match,match,zeer,18.0,241.33333333333334
1,match,match,hevige,19.0,185.0
1,match,match,koorts,20.0,198.33333333333334
1,match,match,op,21.0,331.0
1,match,match,bed.,22.0,326.6666666666667
1,match,mis,De,1.0,671.3333333333334
1,match,mis,professor,2.0,476.6666666666667
1,match,mis,besprak,3.0,447.0
1,match,mis,met,4.0,414.6666666666667
1,match,mis,een,5.0,313.3333333333333
1,match,mis,vriendin,6.0,370.6666666666667
1,match,mis,de,7.0,328.3333333333333
1,match,mis,nieuwe,8.0,388.0
1,match,mis,resultaten,9.0,341.3333333333333
1,match,mis,die,10.0,397.6666666666667
1,match,mis,periode.,11.0,480.6666666666667
1,match,mis,De,12.0,615.0
1,match,mis,hele,13.0,372.6666666666667
1,match,mis,week,14.0,282.0
1,match,mis,lag,15.0,341.3333333333333
1,match,mis,hij,16.0,404.0
1,match,mis,met,17.0,317.6666666666667
1,match,mis,zeer,18.0,344.3333333333333
1,match,mis,hevige,19.0,463.6666666666667
1,match,mis,koorts,20.0,560.3333333333334
1,match,mis,op,21.0,381.6666666666667
1,match,mis,bed.,22.0,441.6666666666667
1,mis,match,De,1.0,338.0
1,mis,match,professor,2.0,435.0
1,mis,match,besprak,3.0,405.0
1,mis,match,met,4.0,410.0
1,mis,match,een,5.0,342.5
1,mis,match,vriendin,6.0,407.5
1,mis,match,de,7.0,369.5
1,mis,match,nieuwe,8.0,392.0
1,mis,match,resultaten,9.0,534.0
1,mis,match,die,10.0,529.0
1,mis,match,periode.,11.0,1016.0
1,mis,match,De,12.0,368.5
1,mis,match,hele,13.0,335.0
1,mis,match,week,14.0,435.5
1,mis,match,lag,15.0,417.0
1,mis,match,zij,16.0,435.0
1,mis,match,met,17.0,665.0
1,mis,match,zeer,18.0,347.0
1,mis,match,hevige,19.0,436.0
1,mis,match,koorts,20.0,351.0
1,mis,match,op,21.0,500.0
1,mis,match,bed.,22.0,569.0
1,mis,mis,De,1.0,436.3333333333333
1,mis,mis,professor,2.0,281.0
1,mis,mis,besprak,3.0,331.6666666666667
1,mis,mis,met,4.0,369.3333333333333
1,mis,mis,een,5.0,484.0
1,mis,mis,vriend,6.0,336.3333333333333
1,mis,mis,de,7.0,301.3333333333333
1,mis,mis,nieuwe,8.0,300.0
1,mis,mis,resultaten,9.0,312.3333333333333
1,mis,mis,die,10.0,381.0
1,mis,mis,periode.,11.0,458.0
1,mis,mis,De,12.0,369.0
1,mis,mis,hele,13.0,320.0
1,mis,mis,week,14.0,273.0
1,mis,mis,lag,15.0,323.3333333333333
1,mis,mis,zij,16.0,299.3333333333333
1,mis,mis,met,17.0,309.6666666666667
1,mis,mis,zeer,18.0,342.6666666666667
1,mis,mis,hevige,19.0,309.0
1,mis,mis,koorts,20.0,395.3333333333333
1,mis,mis,op,21.0,370.0
1,mis,mis,bed.,22.0,491.6666666666667
10,match,match,De,1.0,390.0
10,match,match,dominee,2.0,290.5
10,match,match,zei,3.0,321.0
10,match,match,tegen,4.0,305.5
10,match,match,slechts,5.0,353.0
10,match,match,één,6.0,335.5
10,match,match,oom,7.0,337.5
10,match,match,vriendelijk,8.0,359.0
10,match,match,gedag,9.0,381.0
10,match,match,voor,10.0,463.0
10,match,match,de,11.0,380.0
10,match,match,mis.,12.0,699.5
10,match,match,Na,13.0,412.0
10,match,match,het,14.0,513.0
10,match,match,familiedrama,15.0,381.0
10,match,match,kon,16.0,391.5
10,match,match,hij,17.0,276.5
10,match,match,nog,18.0,360.0
10,match,match,erg,19.0,317.0
10,match,match,moeilijk,20.0,440.5
10,match,match,beleefd,21.0,1256.5
10,match,match,doen.,22.0,909.0
10,match,mis,De,1.0,468.6666666666667
10,match,mis,dominee,2.0,326.0
10,match,mis,zei,3.0,314.3333333333333
10,match,mis,tegen,4.0,287.0
10,match,mis,slechts,5.0,321.0
10,match,mis,één,6.0,314.6666666666667
10,match,mis,tante,7.0,327.0
10,match,mis,vriendelijk,8.0,366.6666666666667
10,match,mis,gedag,9.0,429.0
10,match,mis,voor,10.0,355.0
10,match,mis,de,11.0,307.3333333333333
10,match,mis,mis.,12.0,360.0
10,match,mis,Na,13.0,352.6666666666667
10,match,mis,het,14.0,255.33333333333334
10,match,mis,familiedrama,15.0,320.0
10,match,mis,kon,16.0,374.3333333333333
10,match,mis,hij,17.0,316.0
10,match,mis,nog,18.0,318.3333333333333
10,match,mis,erg,19.0,330.6666666666667
10,match,mis,moeilijk,20.0,331.0
10,match,mis,beleefd,21.0,310.3333333333333
10,match,mis,doen.,22.0,425.6666666666667
10,mis,match,De,1.0,475.0
10,mis,match,dominee,2.0,544.3333333333334
10,mis,match,zei,3.0,441.3333333333333
10,mis,match,tegen,4.0,379.3333333333333
10,mis,match,slechts,5.0,391.3333333333333
10,mis,match,één,6.0,389.6666666666667
10,mis,match,tante,7.0,366.3333333333333
10,mis,match,vriendelijk,8.0,519.3333333333334
10,mis,match,gedag,9.0,392.6666666666667
10,mis,match,voor,10.0,461.6666666666667
10,mis,match,de,11.0,408.3333333333333
10,mis,match,mis.,12.0,460.6666666666667
10,mis,match,Na,13.0,449.0
10,mis,match,het,14.0,361.3333333333333
10,mis,match,familiedrama,15.0,601.3333333333334
10,mis,match,kon,16.0,407.3333333333333
10,mis,match,zij,17.0,427.6666666666667
10,mis,match,nog,18.0,390.6666666666667
10,mis,match,erg,19.0,436.0
10,mis,match,moeilijk,20.0,468.6666666666667
10,mis,match,beleefd,21.0,497.6666666666667
10,mis,match,doen.,22.0,621.3333333333334
10,mis,mis,De,1.0,313.6666666666667
10,mis,mis,dominee,2.0,343.3333333333333
10,mis,mis,zei,3.0,332.0
10,mis,mis,tegen,4.0,366.6666666666667
10,mis,mis,slechts,5.0,348.3333333333333
10,mis,mis,één,6.0,356.3333333333333
10,mis,mis,oom,7.0,330.3333333333333
10,mis,mis,vriendelijk,8.0,378.6666666666667
10,mis,mis,gedag,9.0,350.6666666666667
10,mis,mis,voor,10.0,264.0
10,mis,mis,de,11.0,353.6666666666667
10,mis,mis,mis.,12.0,383.3333333333333
10,mis,mis,Na,13.0,537.0
10,mis,mis,het,14.0,421.0
10,mis,mis,familiedrama,15.0,317.3333333333333
10,mis,mis,kon,16.0,308.3333333333333
10,mis,mis,zij,17.0,267.3333333333333
10,mis,mis,nog,18.0,242.0
10,mis,mis,erg,19.0,302.3333333333333
10,mis,mis,moeilijk,20.0,232.0
10,mis,mis,beleefd,21.0,360.3333333333333
10,mis,mis,doen.,22.0,478.3333333333333
11,match,match,De,1.0,790.0
11,match,match,monteur,2.0,582.4
11,match,match,had,3.0,447.4
11,match,match,slechts,4.0,412.6
11,match,match,één,5.0,578.0
11,match,match,��n,5.0,602.0
11,match,match,neef,6.0,584.0
11,match,match,in,7.0,396.2
11,match,match,dienst,8.0,530.6
11,match,match,genomen,9.0,517.6
11,match,match,sinds,10.0,460.2
11,match,match,het,11.0,431.6
11,match,match,voorval.,12.0,1627.2
11,match,match,Het,13.0,495.4
11,match,match,jaar,14.0,418.6
11,match,match,daarvoor,15.0,412.0
11,match,match,had,16.0,420.6
11,match,match,hij,17.0,395.8
11,match,match,nog,18.0,398.2
11,match,match,een,19.0,369.4
11,match,match,dure,20.0,404.0
11,match,match,rechtszaak,21.0,443.6
11,match,match,aangespannen.,22.0,576.8
11,match,mis,De,1.0,410.0
11,match,mis,monteur,2.0,295.3333333333333
11,match,mis,had,3.0,200.33333333333334
11,match,mis,slechts,4.0,190.0
11,match,mis,één,5.0,180.0
11,match,mis,��n,5.0,211.0
11,match,mis,nicht,6.0,195.0
11,match,mis,in,7.0,500.3333333333333
11,match,mis,dienst,8.0,279.3333333333333
11,match,mis,genomen,9.0,294.6666666666667
11,match,mis,sinds,10.0,283.0
11,match,mis,het,11.0,241.0
11,match,mis,voorval.,12.0,317.0
11,match,mis,Het,13.0,322.0
11,match,mis,jaar,14.0,336.3333333333333
11,match,mis,daarvoor,15.0,285.0
11,match,mis,had,16.0,274.3333333333333
11,match,mis,hij,17.0,276.0
11,match,mis,nog,18.0,294.0
11,match,mis,een,19.0,259.0
11,match,mis,dure,20.0,243.33333333333334
11,match,mis,rechtszaak,21.0,328.6666666666667
11,match,mis,aangespannen.,22.0,429.0
11,mis,match,De,1.0,335.3333333333333
11,mis,match,monteur,2.0,348.0
11,mis,match,had,3.0,434.3333333333333
11,mis,match,slechts,4.0,355.3333333333333
11,mis,match,één,5.0,374.5
11,mis,match,��n,5.0,352.0
11,mis,match,nicht,6.0,425.6666666666667
11,mis,match,in,7.0,450.3333333333333
11,mis,match,dienst,8.0,327.0
11,mis,match,genomen,9.0,378.0
11,mis,match,sinds,10.0,370.0
11,mis,match,het,11.0,338.3333333333333
11,mis,match,voorval.,12.0,658.0
11,mis,match,Het,13.0,339.3333333333333
11,mis,match,jaar,14.0,437.3333333333333
11,mis,match,daarvoor,15.0,366.3333333333333
11,mis,match,had,16.0,320.0
11,mis,match,zij,17.0,323.0
11,mis,match,nog,18.0,335.6666666666667
11,mis,match,een,19.0,320.3333333333333
11,mis,match,dure,20.0,354.0
11,mis,match,rechtszaak,21.0,413.3333333333333
11,mis,match,aangespannen.,22.0,487.0
11,mis,mis,De,1.0,434.5
11,mis,mis,monteur,2.0,603.5
11,mis,mis,had,3.0,270.5
11,mis,mis,slechts,4.0,303.0
11,mis,mis,��n,5.0,878.5
11,mis,mis,neef,6.0,401.5
11,mis,mis,in,7.0,412.5
11,mis,mis,dienst,8.0,358.0
11,mis,mis,genomen,9.0,426.5
11,mis,mis,sinds,10.0,289.0
11,mis,mis,het,11.0,416.5
11,mis,mis,voorval.,12.0,1094.0
11,mis,mis,Het,13.0,311.5
11,mis,mis,jaar,14.0,235.0
11,mis,mis,daarvoor,15.0,303.0
11,mis,mis,had,16.0,236.0
11,mis,mis,zij,17.0,247.5
11,mis,mis,nog,18.0,701.5
11,mis,mis,een,19.0,244.5
11,mis,mis,dure,20.0,237.0
11,mis,mis,rechtszaak,21.0,480.0
11,mis,mis,aangespannen.,22.0,496.0
12,match,match,De,1.0,453.0
12,match,match,regisseur,2.0,313.0
12,match,match,herkende,3.0,399.0
12,match,match,slechts,4.0,488.25
12,match,match,één,5.0,399.5
12,match,match,acteur,6.0,370.5
12,match,match,op,7.0,409.0
12,match,match,de,8.0,373.25
12,match,match,filmset,9.0,415.75
12,match,match,die,10.0,470.75
12,match,match,maand.,11.0,417.75
12,match,match,Hier,12.0,454.75
12,match,match,in,13.0,347.5
12,match,match,Hollywood,14.0,407.0
12,match,match,is,15.0,381.25
12,match,match,hij,16.0,357.25
12,match,match,niet,17.0,362.5
12,match,match,zo,18.0,365.0
12,match,match,heel,19.0,398.5
12,match,match,bekend.,20.0,1240.6666666666667
12,match,mis,De,1.0,327.5
12,match,mis,regisseur,2.0,293.5
12,match,mis,herkende,3.0,328.5
12,match,mis,slechts,4.0,306.0
12,match,mis,één,5.0,325.0
12,match,mis,actrice,6.0,295.0
12,match,mis,op,7.0,338.0
12,match,mis,de,8.0,283.0
12,match,mis,filmset,9.0,237.5
12,match,mis,die,10.0,358.0
12,match,mis,maand.,11.0,490.5
12,match,mis,Hier,12.0,619.5
12,match,mis,in,13.0,251.5
12,match,mis,Hollywood,14.0,248.0
12,match,mis,is,15.0,990.0
12,match,mis,hij,16.0,208.5
12,match,mis,niet,17.0,196.5
12,match,mis,zo,18.0,333.0
12,match,mis,heel,19.0,273.0
12,match,mis,bekend.,20.0,656.5
12,mis,match,De,1.0,297.6666666666667
12,mis,match,regisseur,2.0,314.3333333333333
12,mis,match,herkende,3.0,285.6666666666667
12,mis,match,slechts,4.0,222.0
12,mis,match,één,5.0,215.0
12,mis,match,actrice,6.0,304.0
12,mis,match,op,7.0,262.3333333333333
12,mis,match,de,8.0,229.0
12,mis,match,filmset,9.0,312.6666666666667
12,mis,match,die,10.0,190.66666666666666
12,mis,match,maand.,11.0,342.6666666666667
12,mis,match,Hier,12.0,417.0
12,mis,match,in,13.0,243.0
12,mis,match,Hollywood,14.0,199.66666666666666
12,mis,match,is,15.0,313.0
12,mis,match,zij,16.0,206.66666666666666
12,mis,match,niet,17.0,206.0
12,mis,match,zo,18.0,221.33333333333334
12,mis,match,heel,19.0,269.0
12,mis,match,bekend.,20.0,383.0
12,mis,mis,De,1.0,498.4
12,mis,mis,regisseur,2.0,493.5
12,mis,mis,herkende,3.0,783.0
12,mis,mis,slechts,4.0,569.8
12,mis,mis,één,5.0,531.25
12,mis,mis,��n,5.0,506.0
12,mis,mis,acteur,6.0,475.4
12,mis,mis,op,7.0,408.6
12,mis,mis,de,8.0,505.2
12,mis,mis,filmset,9.0,447.6
12,mis,mis,die,10.0,396.8
12,mis,mis,maand.,11.0,931.4
12,mis,mis,Hier,12.0,480.2
12,mis,mis,in,13.0,424.0
12,mis,mis,Hollywood,14.0,401.4
12,mis,mis,is,15.0,434.2
12,mis,mis,zij,16.0,412.6
12,mis,mis,niet,17.0,406.8
12,mis,mis,zo,18.0,411.6
12,mis,mis,heel,19.0,389.8
12,mis,mis,bekend.,20.0,1016.8
13,match,match,De,1.0,341.4
13,match,match,notaris,2.0,350.0
13,match,match,liet,3.0,492.6
13,match,match,aan,4.0,290.8
13,match,match,slechts,5.0,370.6
13,match,match,één,6.0,314.0
13,match,match,kleinzoon,7.0,434.2
13,match,match,het,8.0,332.2
13,match,match,testament,9.0,413.2
13,match,match,lezen,10.0,291.2
13,match,match,voor,11.0,387.6
13,match,match,de,12.0,342.4
13,match,match,begrafenis.,13.0,617.6
13,match,match,Sinds,14.0,407.4
13,match,match,vorige,15.0,335.8
13,match,match,week,16.0,322.6
13,match,match,was,17.0,379.0
13,match,match,hij,18.0,319.8
13,match,match,erg,19.0,316.0
13,match,match,van,20.0,336.2
13,match,match,slag,21.0,339.8
13,match,match,geweest.,22.0,457.8
13,match,mis,De,1.0,408.4
13,match,mis,notaris,2.0,489.8
13,match,mis,liet,3.0,706.4
13,match,mis,aan,4.0,449.8
13,match,mis,slechts,5.0,555.0
13,match,mis,één,6.0,465.5
13,match,mis,��n,6.0,216.0
13,match,mis,kleindochter,7.0,670.6
13,match,mis,het,8.0,535.4
13,match,mis,testament,9.0,474.4
13,match,mis,lezen,10.0,484.2
13,match,mis,voor,11.0,507.2
13,match,mis,de,12.0,366.6
13,match,mis,begrafenis.,13.0,561.8
13,match,mis,Sinds,14.0,451.0
13,match,mis,vorige,15.0,395.6
13,match,mis,week,16.0,361.0
13,match,mis,was,17.0,367.2
13,match,mis,hij,18.0,364.8
13,match,mis,erg,19.0,353.2
13,match,mis,van,20.0,356.4
13,match,mis,slag,21.0,392.6
13,match,mis,geweest.,22.0,786.0
13,mis,match,De,1.0,398.0
13,mis,match,notaris,2.0,417.0
13,mis,match,liet,3.0,319.0
13,mis,match,aan,4.0,456.5
13,mis,match,slechts,5.0,479.0
13,mis,match,één,6.0,645.0
13,mis,match,kleindochter,7.0,801.5
13,mis,match,het,8.0,383.0
13,mis,match,testament,9.0,343.0
13,mis,match,lezen,10.0,919.5
13,mis,match,voor,11.0,372.5
13,mis,match,de,12.0,306.5
13,mis,match,begrafenis.,13.0,541.0
13,mis,match,Sinds,14.0,505.0
13,mis,match,vorige,15.0,477.0
13,mis,match,week,16.0,337.5
13,mis,match,was,17.0,270.5
13,mis,match,zij,18.0,320.0
13,mis,match,erg,19.0,384.5
13,mis,match,van,20.0,304.5
13,mis,match,slag,21.0,302.0
13,mis,match,geweest.,22.0,830.0
13,mis,mis,De,1.0,437.25
13,mis,mis,notaris,2.0,349.25
13,mis,mis,liet,3.0,402.75
13,mis,mis,aan,4.0,370.25
13,mis,mis,slechts,5.0,454.75
13,mis,mis,één,6.0,381.0
13,mis,mis,kleinzoon,7.0,457.25
13,mis,mis,het,8.0,475.75
13,mis,mis,testament,9.0,454.0
13,mis,mis,lezen,10.0,377.0
13,mis,mis,voor,11.0,353.0
13,mis,mis,de,12.0,388.75
13,mis,mis,begrafenis.,13.0,456.75
13,mis,mis,Sinds,14.0,435.25
13,mis,mis,vorige,15.0,406.0
13,mis,mis,week,16.0,386.75
13,mis,mis,was,17.0,363.0
13,mis,mis,zij,18.0,345.0
13,mis,mis,erg,19.0,350.0
13,mis,mis,van,20.0,480.5
13,mis,mis,slag,21.0,470.75
13,mis,mis,geweest.,22.0,564.5
14,match,match,De,1.0,474.0
14,match,match,verhuizer,2.0,340.0
14,match,match,sjouwde,3.0,354.0
14,match,match,voor,4.0,452.0
14,match,match,een,5.0,361.5
14,match,match,zanger,6.0,385.0
14,match,match,zware,7.0,461.5
14,match,match,apparatuur,8.0,403.5
14,match,match,die,9.0,491.0
14,match,match,namiddag.,10.0,1073.0
14,match,match,Al,11.0,341.0
14,match,match,heel,12.0,318.5
14,match,match,lang,13.0,326.5
14,match,match,had,14.0,322.5
14,match,match,hij,15.0,314.5
14,match,match,een,16.0,352.0
14,match,match,erg,17.0,344.0
14,match,match,zwakke,18.0,410.5
14,match,match,rug.,19.0,551.5
14,match,mis,De,1.0,538.5
14,match,mis,verhuizer,2.0,533.75
14,match,mis,sjouwde,3.0,479.0
14,match,mis,voor,4.0,478.0
14,match,mis,een,5.0,405.25
14,match,mis,zangeres,6.0,407.0
14,match,mis,zware,7.0,478.0
14,match,mis,apparatuur,8.0,411.0
14,match,mis,die,9.0,480.25
14,match,mis,namiddag.,10.0,427.75
14,match,mis,Al,11.0,526.0
14,match,mis,heel,12.0,375.25
14,match,mis,lang,13.0,348.5
14,match,mis,had,14.0,408.75
14,match,mis,hij,15.0,425.0
14,match,mis,een,16.0,362.0
14,match,mis,erg,17.0,366.25
14,match,mis,zwakke,18.0,440.75
14,match,mis,rug.,19.0,775.6666666666666
14,mis,match,De,1.0,436.8
14,mis,match,verhuizer,2.0,656.4
14,mis,match,sjouwde,3.0,695.6
14,mis,match,voor,4.0,363.6
14,mis,match,een,5.0,404.8
14,mis,match,zangeres,6.0,542.0
14,mis,match,zware,7.0,479.4
14,mis,match,apparatuur,8.0,534.8
14,mis,match,die,9.0,427.8
14,mis,match,namiddag.,10.0,600.6
14,mis,match,Al,11.0,505.4
14,mis,match,heel,12.0,462.2
14,mis,match,lang,13.0,397.8
14,mis,match,had,14.0,364.6
14,mis,match,zij,15.0,384.6
14,mis,match,een,16.0,415.4
14,mis,match,erg,17.0,513.8
14,mis,match,zwakke,18.0,453.6
14,mis,match,rug.,19.0,806.4
14,mis,mis,De,1.0,421.6
14,mis,mis,verhuizer,2.0,463.4
14,mis,mis,sjouwde,3.0,400.2
14,mis,mis,voor,4.0,359.6
14,mis,mis,een,5.0,360.0
14,mis,mis,zanger,6.0,487.0
14,mis,mis,zware,7.0,412.0
14,mis,mis,apparatuur,8.0,464.2
14,mis,mis,die,9.0,416.8
14,mis,mis,namiddag.,10.0,573.8
14,mis,mis,Al,11.0,488.6
14,mis,mis,heel,12.0,426.4
14,mis,mis,lang,13.0,411.8
14,mis,mis,had,14.0,350.8
14,mis,mis,zij,15.0,424.0
14,mis,mis,een,16.0,570.0
14,mis,mis,erg,17.0,484.4
14,mis,mis,zwakke,18.0,474.0
14,mis,mis,rug.,19.0,965.2
15,match,match,De,1.0,750.3333333333334
15,match,match,psychiater,2.0,674.0
15,match,match,had,3.0,390.0
15,match,match,zelf,4.0,346.0
15,match,match,met,5.0,335.0
15,match,match,maar,6.0,318.6666666666667
15,match,match,één,7.0,634.0
15,match,match,��n,7.0,984.0
15,match,match,broer,8.0,794.3333333333334
15,match,match,een,9.0,384.3333333333333
15,match,match,goede,10.0,391.3333333333333
15,match,match,band,11.0,358.0
15,match,match,nog,12.0,542.6666666666666
15,match,match,nu.,13.0,1158.0
15,match,match,Al,14.0,712.6666666666666
15,match,match,jaren,15.0,360.6666666666667
15,match,match,moest,16.0,412.6666666666667
15,match,match,hij,17.0,300.0
15,match,match,telkens,18.0,329.0
15,match,match,opnieuw,19.0,389.0
15,match,match,weer,20.0,355.3333333333333
15,match,match,contact,21.0,398.6666666666667
15,match,match,zoeken.,22.0,597.0
15,match,mis,De,1.0,536.8
15,match,mis,psychiater,2.0,720.4
15,match,mis,had,3.0,416.6
15,match,mis,zelf,4.0,447.2
15,match,mis,met,5.0,423.4
15,match,mis,maar,6.0,409.0
15,match,mis,één,7.0,324.0
15,match,mis,��n,7.0,448.0
15,match,mis,zus,8.0,492.6
15,match,mis,een,9.0,326.0
15,match,mis,goede,10.0,387.8
15,match,mis,band,11.0,345.2
15,match,mis,nog,12.0,416.6
15,match,mis,nu.,13.0,417.6
15,match,mis,Al,14.0,388.0
15,match,mis,jaren,15.0,329.6
15,match,mis,moest,16.0,333.6
15,match,mis,hij,17.0,300.4
15,match,mis,telkens,18.0,317.6
15,match,mis,opnieuw,19.0,387.0
15,match,mis,weer,20.0,396.4
15,match,mis,contact,21.0,326.6
15,match,mis,zoeken.,22.0,517.0
15,mis,match,De,1.0,435.0
15,mis,match,psychiater,2.0,570.0
15,mis,match,had,3.0,553.5
15,mis,match,zelf,4.0,440.75
15,mis,match,met,5.0,477.75
15,mis,match,maar,6.0,357.5
15,mis,match,één,7.0,277.5
15,mis,match,��n,7.0,423.0
15,mis,match,zus,8.0,564.75
15,mis,match,een,9.0,360.0
15,mis,match,goede,10.0,464.0
15,mis,match,band,11.0,396.75
15,mis,match,nog,12.0,431.5
15,mis,match,nu.,13.0,534.25
15,mis,match,Al,14.0,508.5
15,mis,match,jaren,15.0,355.25
15,mis,match,moest,16.0,324.5
15,mis,match,zij,17.0,353.5
15,mis,match,telkens,18.0,406.0
15,mis,match,opnieuw,19.0,371.0
15,mis,match,weer,20.0,385.0
15,mis,match,contact,21.0,389.5
15,mis,match,zoeken.,22.0,630.3333333333334
15,mis,mis,De,1.0,310.5
15,mis,mis,psychiater,2.0,418.5
15,mis,mis,had,3.0,319.0
15,mis,mis,zelf,4.0,389.0
15,mis,mis,met,5.0,334.5
15,mis,mis,maar,6.0,317.0
15,mis,mis,��n,7.0,722.0
15,mis,mis,broer,8.0,513.5
15,mis,mis,een,9.0,406.5
15,mis,mis,goede,10.0,478.5
15,mis,mis,band,11.0,355.0
15,mis,mis,nog,12.0,382.0
15,mis,mis,nu.,13.0,550.5
15,mis,mis,Al,14.0,688.5
15,mis,mis,jaren,15.0,356.0
15,mis,mis,moest,16.0,360.5
15,mis,mis,zij,17.0,352.0
15,mis,mis,telkens,18.0,382.0
15,mis,mis,opnieuw,19.0,473.0
15,mis,mis,weer,20.0,343.5
15,mis,mis,contact,21.0,366.0
15,mis,mis,zoeken.,22.0,437.5
16,match,match,De,1.0,454.0
16,match,match,kapitein,2.0,342.3333333333333
16,match,match,zag,3.0,380.3333333333333
16,match,match,een,4.0,353.0
16,match,match,zeiler,5.0,316.0
16,match,match,op,6.0,372.3333333333333
16,match,match,het,7.0,315.3333333333333
16,match,match,water,8.0,316.6666666666667
16,match,match,tijdens,9.0,394.0
16,match,match,die,10.0,336.0
16,match,match,tocht.,11.0,565.0
16,match,match,Die,12.0,430.0
16,match,match,hele,13.0,704.0
16,match,match,dag,14.0,354.6666666666667
16,match,match,had,15.0,312.0
16,match,match,hij,16.0,312.6666666666667
16,match,match,veel,17.0,324.6666666666667
16,match,match,last,18.0,314.0
16,match,match,van,19.0,343.0
16,match,match,zeeziekte.,20.0,486.0
16,match,mis,De,1.0,365.5
16,match,mis,kapitein,2.0,584.5
16,match,mis,zag,3.0,367.0
16,match,mis,een,4.0,429.0
16,match,mis,zeilster,5.0,397.5
16,match,mis,op,6.0,361.0
16,match,mis,het,7.0,367.5
16,match,mis,water,8.0,376.5
16,match,mis,tijdens,9.0,369.5
16,match,mis,die,10.0,404.0
16,match,mis,tocht.,11.0,384.0
16,match,mis,Die,12.0,372.0
16,match,mis,hele,13.0,577.5
16,match,mis,dag,14.0,353.0
16,match,mis,had,15.0,329.0
16,match,mis,hij,16.0,361.0
16,match,mis,veel,17.0,312.0
16,match,mis,last,18.0,458.0
16,match,mis,van,19.0,334.0
16,match,mis,zeeziekte.,20.0,476.0
16,mis,match,De,1.0,320.6
16,mis,match,kapitein,2.0,565.8
16,mis,match,zag,3.0,354.2
16,mis,match,een,4.0,296.4
16,mis,match,zeilster,5.0,283.8
16,mis,match,op,6.0,305.6
16,mis,match,het,7.0,296.0
16,mis,match,water,8.0,272.2
16,mis,match,tijdens,9.0,297.2
16,mis,match,die,10.0,368.6
16,mis,match,tocht.,11.0,709.6
16,mis,match,Die,12.0,377.2
16,mis,match,hele,13.0,284.4
16,mis,match,dag,14.0,296.0
16,mis,match,had,15.0,333.8
16,mis,match,zij,16.0,333.4
16,mis,match,veel,17.0,309.0
16,mis,match,last,18.0,336.0
16,mis,match,van,19.0,320.2
16,mis,match,zeeziekte.,20.0,621.2
16,mis,mis,De,1.0,370.6666666666667
16,mis,mis,kapitein,2.0,813.0
16,mis,mis,zag,3.0,351.3333333333333
16,mis,mis,een,4.0,351.0
16,mis,mis,zeiler,5.0,363.6666666666667
16,mis,mis,op,6.0,365.0
16,mis,mis,het,7.0,331.0
16,mis,mis,water,8.0,342.6666666666667
16,mis,mis,tijdens,9.0,339.6666666666667
16,mis,mis,die,10.0,310.0
16,mis,mis,tocht.,11.0,380.6666666666667
16,mis,mis,Die,12.0,739.0
16,mis,mis,hele,13.0,254.0
16,mis,mis,dag,14.0,281.3333333333333
16,mis,mis,had,15.0,745.6666666666666
16,mis,mis,zij,16.0,310.6666666666667
16,mis,mis,veel,17.0,411.3333333333333
16,mis,mis,last,18.0,373.6666666666667
16,mis,mis,van,19.0,349.6666666666667
16,mis,mis,zeeziekte.,20.0,681.3333333333334
17,match,match,De,1.0,332.6666666666667
17,match,match,minister,2.0,324.0
17,match,match,kreeg,3.0,236.66666666666666
17,match,match,van,4.0,204.0
17,match,match,een,5.0,202.33333333333334
17,match,match,boer,6.0,326.3333333333333
17,match,match,vragen,7.0,336.0
17,match,match,over,8.0,714.3333333333334
17,match,match,de,9.0,413.3333333333333
17,match,match,nieuwe,10.0,366.3333333333333
17,match,match,regelgeving.,11.0,539.0
17,match,match,Al,12.0,374.3333333333333
17,match,match,sinds,13.0,297.6666666666667
17,match,match,jaren,14.0,268.6666666666667
17,match,match,gaf,15.0,275.3333333333333
17,match,match,hij,16.0,234.33333333333334
17,match,match,vrijwel,17.0,296.6666666666667
17,match,match,niets,18.0,251.0
17,match,match,om,19.0,192.0
17,match,match,die,20.0,254.66666666666666
17,match,match,regels.,21.0,379.3333333333333
17,match,mis,De,1.0,259.6666666666667
17,match,mis,minister,2.0,258.3333333333333
17,match,mis,kreeg,3.0,328.3333333333333
17,match,mis,van,4.0,221.33333333333334
17,match,mis,een,5.0,200.0
17,match,mis,boerin,6.0,246.66666666666666
17,match,mis,vragen,7.0,313.3333333333333
17,match,mis,over,8.0,391.3333333333333
17,match,mis,de,9.0,295.0
17,match,mis,nieuwe,10.0,265.6666666666667
17,match,mis,regelgeving.,11.0,626.0
17,match,mis,Al,12.0,379.6666666666667
17,match,mis,sinds,13.0,276.6666666666667
17,match,mis,jaren,14.0,240.66666666666666
17,match,mis,gaf,15.0,254.33333333333334
17,match,mis,hij,16.0,433.0
17,match,mis,vrijwel,17.0,236.66666666666666
17,match,mis,niets,18.0,335.6666666666667
17,match,mis,om,19.0,326.0
17,match,mis,die,20.0,426.0
17,match,mis,regels.,21.0,942.3333333333334
17,mis,match,De,1.0,927.5
17,mis,match,minister,2.0,503.5
17,mis,match,kreeg,3.0,380.5
17,mis,match,van,4.0,379.0
17,mis,match,een,5.0,360.5
17,mis,match,boerin,6.0,334.5
17,mis,match,vragen,7.0,365.0
17,mis,match,over,8.0,351.0
17,mis,match,de,9.0,346.0
17,mis,match,nieuwe,10.0,370.0
17,mis,match,regelgeving.,11.0,848.5
17,mis,match,Al,12.0,364.0
17,mis,match,sinds,13.0,276.5
17,mis,match,jaren,14.0,362.5
17,mis,match,gaf,15.0,359.5
17,mis,match,zij,16.0,364.5
17,mis,match,vrijwel,17.0,368.5
17,mis,match,niets,18.0,373.0
17,mis,match,om,19.0,348.0
17,mis,match,die,20.0,371.5
17,mis,match,regels.,21.0,667.5
17,mis,mis,De,1.0,322.6666666666667
17,mis,mis,minister,2.0,380.6666666666667
17,mis,mis,kreeg,3.0,386.6666666666667
17,mis,mis,van,4.0,305.3333333333333
17,mis,mis,een,5.0,325.3333333333333
17,mis,mis,boer,6.0,330.0
17,mis,mis,vragen,7.0,338.6666666666667
17,mis,mis,over,8.0,334.3333333333333
17,mis,mis,de,9.0,295.6666666666667
17,mis,mis,nieuwe,10.0,292.0
17,mis,mis,regelgeving.,11.0,958.0
17,mis,mis,Al,12.0,414.3333333333333
17,mis,mis,sinds,13.0,346.0
17,mis,mis,jaren,14.0,302.0
17,mis,mis,gaf,15.0,359.3333333333333
17,mis,mis,zij,16.0,391.3333333333333
17,mis,mis,vrijwel,17.0,360.6666666666667
17,mis,mis,niets,18.0,380.0
17,mis,mis,om,19.0,346.6666666666667
17,mis,mis,die,20.0,362.0
17,mis,mis,regels.,21.0,524.0
18,match,match,De,1.0,606.0
18,match,match,decaan,2.0,297.5
18,match,match,sprak,3.0,416.5
18,match,match,met,4.0,309.5
18,match,match,slechts,5.0,253.5
18,match,match,één,6.0,426.0
18,match,match,kleuterleider,7.0,281.0
18,match,match,over,8.0,420.0
18,match,match,het,9.0,242.5
18,match,match,project,10.0,260.0
18,match,match,die,11.0,396.5
18,match,match,week.,12.0,1118.0
18,match,match,Al,13.0,367.0
18,match,match,enkele,14.0,200.0
18,match,match,dagen,15.0,257.0
18,match,match,vergat,16.0,185.0
18,match,match,hij,17.0,286.5
18,match,match,telkens,18.0,284.0
18,match,match,de,19.0,269.0
18,match,match,nieuwe,20.0,324.0
18,match,match,afspraak.,21.0,566.0
18,match,mis,De,1.0,299.6666666666667
18,match,mis,decaan,2.0,307.3333333333333
18,match,mis,sprak,3.0,467.3333333333333
18,match,mis,met,4.0,295.6666666666667
18,match,mis,slechts,5.0,297.6666666666667
18,match,mis,één,6.0,385.0
18,match,mis,kleuterleidster,7.0,397.3333333333333
18,match,mis,over,8.0,445.6666666666667
18,match,mis,het,9.0,303.0
18,match,mis,project,10.0,297.3333333333333
18,match,mis,die,11.0,351.3333333333333
18,match,mis,week.,12.0,432.3333333333333
18,match,mis,Al,13.0,341.6666666666667
18,match,mis,enkele,14.0,271.0
18,match,mis,dagen,15.0,246.66666666666666
18,match,mis,vergat,16.0,290.6666666666667
18,match,mis,hij,17.0,278.6666666666667
18,match,mis,telkens,18.0,303.3333333333333
18,match,mis,de,19.0,278.6666666666667
18,match,mis,nieuwe,20.0,336.0
18,match,mis,afspraak.,21.0,499.3333333333333
18,mis,match,De,1.0,352.3333333333333
18,mis,match,decaan,2.0,371.6666666666667
18,mis,match,sprak,3.0,272.0
18,mis,match,met,4.0,259.3333333333333
18,mis,match,slechts,5.0,316.6666666666667
18,mis,match,één,6.0,251.66666666666666
18,mis,match,kleuterleidster,7.0,392.0
18,mis,match,over,8.0,464.0
18,mis,match,het,9.0,301.3333333333333
18,mis,match,project,10.0,357.3333333333333
18,mis,match,die,11.0,311.0
18,mis,match,week.,12.0,394.6666666666667
18,mis,match,Al,13.0,450.0
18,mis,match,enkele,14.0,267.0
18,mis,match,dagen,15.0,276.6666666666667
18,mis,match,vergat,16.0,304.0
18,mis,match,zij,17.0,359.6666666666667
18,mis,match,telkens,18.0,324.0
18,mis,match,de,19.0,328.3333333333333
18,mis,match,nieuwe,20.0,421.6666666666667
18,mis,match,afspraak.,21.0,1212.3333333333333
18,mis,mis,De,1.0,294.0
18,mis,mis,decaan,2.0,195.0
18,mis,mis,sprak,3.0,256.0
18,mis,mis,met,4.0,322.3333333333333
18,mis,mis,slechts,5.0,242.33333333333334
18,mis,mis,één,6.0,258.3333333333333
18,mis,mis,kleuterleider,7.0,228.33333333333334
18,mis,mis,over,8.0,310.0
18,mis,mis,het,9.0,307.6666666666667
18,mis,mis,project,10.0,246.0
18,mis,mis,die,11.0,313.6666666666667
18,mis,mis,week.,12.0,401.6666666666667
18,mis,mis,Al,13.0,429.3333333333333
18,mis,mis,enkele,14.0,279.6666666666667
18,mis,mis,dagen,15.0,238.0
18,mis,mis,vergat,16.0,278.3333333333333
18,mis,mis,zij,17.0,205.0
18,mis,mis,telkens,18.0,267.3333333333333
18,mis,mis,de,19.0,262.3333333333333
18,mis,mis,nieuwe,20.0,231.66666666666666
18,mis,mis,afspraak.,21.0,307.0
19,match,match,De,1.0,426.4
19,match,match,bakker,2.0,648.8
19,match,match,had,3.0,582.8
19,match,match,een,4.0,445.4
19,match,match,stagiair,5.0,780.2
19,match,match,meer,6.0,565.6
19,match,match,aangenomen,7.0,518.0
19,match,match,dat,8.0,440.4
19,match,match,jaar.,9.0,742.2
19,match,match,Enkele,10.0,471.4
19,match,match,jaren,11.0,406.4
19,match,match,terug,12.0,429.4
19,match,match,kon,13.0,383.2
19,match,match,hij,14.0,434.0
19,match,match,al,15.0,415.4
19,match,match,echt,16.0,388.8
19,match,match,heerlijke,17.0,477.8
19,match,match,taarten,18.0,533.2
19,match,match,bakken.,19.0,556.8
19,match,mis,De,1.0,336.0
19,match,mis,bakker,2.0,259.6666666666667
19,match,mis,had,3.0,218.33333333333334
19,match,mis,een,4.0,237.0
19,match,mis,stagiaire,5.0,207.66666666666666
19,match,mis,meer,6.0,267.3333333333333
19,match,mis,aangenomen,7.0,208.33333333333334
19,match,mis,dat,8.0,388.0
19,match,mis,jaar.,9.0,347.0
19,match,mis,Enkele,10.0,390.3333333333333
19,match,mis,jaren,11.0,300.3333333333333
19,match,mis,terug,12.0,288.0
19,match,mis,kon,13.0,208.33333333333334
19,match,mis,hij,14.0,212.66666666666666
19,match,mis,al,15.0,209.33333333333334
19,match,mis,echt,16.0,201.0
19,match,mis,heerlijke,17.0,209.66666666666666
19,match,mis,taarten,18.0,258.6666666666667
19,match,mis,bakken.,19.0,402.0
19,mis,match,De,1.0,291.0
19,mis,match,bakker,2.0,312.6666666666667
19,mis,match,had,3.0,341.0
19,mis,match,een,4.0,316.6666666666667
19,mis,match,stagiaire,5.0,286.3333333333333
19,mis,match,meer,6.0,324.6666666666667
19,mis,match,aangenomen,7.0,308.6666666666667
19,mis,match,dat,8.0,509.6666666666667
19,mis,match,jaar.,9.0,555.3333333333334
19,mis,match,Enkele,10.0,403.6666666666667
19,mis,match,jaren,11.0,347.6666666666667
19,mis,match,terug,12.0,314.3333333333333
19,mis,match,kon,13.0,328.6666666666667
19,mis,match,zij,14.0,288.3333333333333
19,mis,match,al,15.0,347.3333333333333
19,mis,match,echt,16.0,363.6666666666667
19,mis,match,heerlijke,17.0,383.0
19,mis,match,taarten,18.0,450.6666666666667
19,mis,match,bakken.,19.0,662.3333333333334
19,mis,mis,De,1.0,324.0
19,mis,mis,bakker,2.0,347.5
19,mis,mis,had,3.0,294.0
19,mis,mis,een,4.0,436.5
19,mis,mis,stagiar,5.0,477.0
19,mis,mis,meer,6.0,280.5
19,mis,mis,aangenomen,7.0,318.5
19,mis,mis,dat,8.0,444.5
19,mis,mis,jaar.,9.0,884.0
19,mis,mis,Enkele,10.0,510.5
19,mis,mis,jaren,11.0,253.0
19,mis,mis,terug,12.0,238.0
19,mis,mis,kon,13.0,259.5
19,mis,mis,zij,14.0,350.5
19,mis,mis,al,15.0,290.0
19,mis,mis,echt,16.0,227.5
19,mis,mis,heerlijke,17.0,349.0
19,mis,mis,taarten,18.0,270.0
19,mis,mis,bakken.,19.0,532.5
2,match,match,De,1.0,285.0
2,match,match,dokter,2.0,207.5
2,match,match,maakte,3.0,361.5
2,match,match,met,4.0,286.5
2,match,match,een,5.0,245.5
2,match,match,logopedist,6.0,351.0
2,match,match,een,7.0,377.5
2,match,match,praatje,8.0,343.0
2,match,match,die,9.0,307.5
2,match,match,dag.,10.0,621.0
2,match,match,Zoals,11.0,362.5
2,match,match,wel,12.0,218.5
2,match,match,vaker,13.0,260.5
2,match,match,ging,14.0,314.0
2,match,match,hij,15.0,312.0
2,match,match,helemaal,16.0,249.5
2,match,match,op,17.0,290.0
2,match,match,in,18.0,333.5
2,match,match,het,19.0,302.5
2,match,match,werk.,20.0,1168.0
2,match,mis,De,1.0,324.6666666666667
2,match,mis,dokter,2.0,391.6666666666667
2,match,mis,maakte,3.0,405.0
2,match,mis,met,4.0,383.0
2,match,mis,een,5.0,392.0
2,match,mis,logopediste,6.0,553.3333333333334
2,match,mis,een,7.0,447.6666666666667
2,match,mis,praatje,8.0,449.3333333333333
2,match,mis,die,9.0,471.0
2,match,mis,dag.,10.0,609.6666666666666
2,match,mis,Zoals,11.0,428.6666666666667
2,match,mis,wel,12.0,343.6666666666667
2,match,mis,vaker,13.0,428.6666666666667
2,match,mis,ging,14.0,338.0
2,match,mis,hij,15.0,360.6666666666667
2,match,mis,helemaal,16.0,342.3333333333333
2,match,mis,op,17.0,390.6666666666667
2,match,mis,in,18.0,313.6666666666667
2,match,mis,het,19.0,379.6666666666667
2,match,mis,werk.,20.0,772.3333333333334
2,mis,match,De,1.0,378.3333333333333
2,mis,match,dokter,2.0,360.6666666666667
2,mis,match,maakte,3.0,336.3333333333333
2,mis,match,met,4.0,295.6666666666667
2,mis,match,een,5.0,274.6666666666667
2,mis,match,logopediste,6.0,517.6666666666666
2,mis,match,een,7.0,340.6666666666667
2,mis,match,praatje,8.0,264.6666666666667
2,mis,match,die,9.0,387.3333333333333
2,mis,match,dag.,10.0,414.6666666666667
2,mis,match,Zoals,11.0,445.6666666666667
2,mis,match,wel,12.0,305.0
2,mis,match,vaker,13.0,254.0
2,mis,match,ging,14.0,251.66666666666666
2,mis,match,zij,15.0,236.0
2,mis,match,helemaal,16.0,290.0
2,mis,match,op,17.0,272.3333333333333
2,mis,match,in,18.0,284.0
2,mis,match,het,19.0,251.66666666666666
2,mis,match,werk.,20.0,430.3333333333333
2,mis,mis,De,1.0,305.6666666666667
2,mis,mis,dokter,2.0,252.33333333333334
2,mis,mis,maakte,3.0,206.0
2,mis,mis,met,4.0,249.33333333333334
2,mis,mis,een,5.0,235.66666666666666
2,mis,mis,logopedist,6.0,296.3333333333333
2,mis,mis,een,7.0,226.66666666666666
2,mis,mis,praatje,8.0,218.66666666666666
2,mis,mis,die,9.0,203.33333333333334
2,mis,mis,dag.,10.0,295.3333333333333
2,mis,mis,Zoals,11.0,376.6666666666667
2,mis,mis,wel,12.0,200.66666666666666
2,mis,mis,vaker,13.0,190.33333333333334
2,mis,mis,ging,14.0,176.66666666666666
2,mis,mis,zij,15.0,188.66666666666666
2,mis,mis,helemaal,16.0,220.0
2,mis,mis,op,17.0,288.3333333333333
2,mis,mis,in,18.0,196.0
2,mis,mis,het,19.0,213.66666666666666
2,mis,mis,werk.,20.0,299.6666666666667
20,match,match,De,1.0,530.5
20,match,match,crimineel,2.0,514.0
20,match,match,liep,3.0,352.0
20,match,match,slechts,4.0,406.0
20,match,match,één,5.0,426.25
20,match,match,schoonmaker,6.0,487.25
20,match,match,tegen,7.0,346.25
20,match,match,het,8.0,365.5
20,match,match,lijf,9.0,387.25
20,match,match,op,10.0,414.25
20,match,match,het,11.0,387.75
20,match,match,plaats,12.0,514.75
20,match,match,delict.,13.0,491.5
20,match,match,Een,14.0,534.75
20,match,match,aantal,15.0,368.75
20,match,match,keer,16.0,421.0
20,match,match,had,17.0,357.25
20,match,match,hij,18.0,353.5
20,match,match,zich,19.0,376.75
20,match,match,in,20.0,357.25
20,match,match,de,21.0,385.75
20,match,match,bezemkast,22.0,430.0
20,match,match,verstopt.,23.0,468.0
20,match,mis,De,1.0,250.5
20,match,mis,crimineel,2.0,363.0
20,match,mis,liep,3.0,319.5
20,match,mis,slechts,4.0,391.5
20,match,mis,één,5.0,466.5
20,match,mis,schoonmaakster,6.0,289.0
20,match,mis,tegen,7.0,888.0
20,match,mis,het,8.0,234.0
20,match,mis,lijf,9.0,406.0
20,match,mis,op,10.0,361.5
20,match,mis,het,11.0,460.5
20,match,mis,plaats,12.0,317.5
20,match,mis,delict.,13.0,858.5
20,match,mis,Een,14.0,555.5
20,match,mis,aantal,15.0,204.0
20,match,mis,keer,16.0,470.0
20,match,mis,had,17.0,283.0
20,match,mis,hij,18.0,287.0
20,match,mis,zich,19.0,299.5
20,match,mis,in,20.0,323.0
20,match,mis,de,21.0,337.0
20,match,mis,bezemkast,22.0,419.5
20,match,mis,verstopt.,23.0,1334.0
20,mis,match,De,1.0,330.6666666666667
20,mis,match,crimineel,2.0,462.3333333333333
20,mis,match,liep,3.0,296.0
20,mis,match,slechts,4.0,343.0
20,mis,match,één,5.0,320.3333333333333
20,mis,match,schoonmaakster,6.0,335.6666666666667
20,mis,match,tegen,7.0,424.6666666666667
20,mis,match,het,8.0,329.0
20,mis,match,lijf,9.0,247.0
20,mis,match,op,10.0,236.33333333333334
20,mis,match,het,11.0,246.33333333333334
20,mis,match,plaats,12.0,231.66666666666666
20,mis,match,delict.,13.0,447.3333333333333
20,mis,match,Een,14.0,528.3333333333334
20,mis,match,aantal,15.0,273.0
20,mis,match,keer,16.0,220.66666666666666
20,mis,match,had,17.0,333.0
20,mis,match,zij,18.0,284.6666666666667
20,mis,match,zich,19.0,316.6666666666667
20,mis,match,in,20.0,284.0
20,mis,match,de,21.0,271.6666666666667
20,mis,match,bezemkast,22.0,289.0
20,mis,match,verstopt.,23.0,481.6666666666667
20,mis,mis,De,1.0,457.8
20,mis,mis,crimineel,2.0,427.0
20,mis,mis,liep,3.0,686.0
20,mis,mis,slechts,4.0,444.4
20,mis,mis,één,5.0,381.5
20,mis,mis,��n,5.0,468.0
20,mis,mis,schoonmaker,6.0,398.8
20,mis,mis,tegen,7.0,509.8
20,mis,mis,het,8.0,352.6
20,mis,mis,lijf,9.0,340.0
20,mis,mis,op,10.0,349.6
20,mis,mis,het,11.0,306.8
20,mis,mis,plaats,12.0,397.6
20,mis,mis,delict.,13.0,504.6
20,mis,mis,Een,14.0,502.6
20,mis,mis,aantal,15.0,355.2
20,mis,mis,keer,16.0,400.6
20,mis,mis,had,17.0,356.0
20,mis,mis,zij,18.0,345.4
20,mis,mis,zich,19.0,350.2
20,mis,mis,in,20.0,424.6
20,mis,mis,de,21.0,329.2
20,mis,mis,bezemkast,22.0,418.2
20,mis,mis,verstopt.,23.0,533.0
21,match,match,De,1.0,396.0
21,match,match,chirurg,2.0,437.4
21,match,match,gaf,3.0,354.6
21,match,match,aan,4.0,370.0
21,match,match,slechts,5.0,331.2
21,match,match,één,6.0,364.2
21,match,match,zoon,7.0,307.4
21,match,match,genoeg,8.0,325.0
21,match,match,informatie,9.0,376.4
21,match,match,die,10.0,390.6
21,match,match,dag.,11.0,1258.6
21,match,match,Al,12.0,433.0
21,match,match,sinds,13.0,355.0
21,match,match,weken,14.0,329.2
21,match,match,was,15.0,357.4
21,match,match,hij,16.0,348.0
21,match,match,heel,17.0,326.8
21,match,match,erg,18.0,339.6
21,match,match,in,19.0,331.8
21,match,match,de,20.0,346.8
21,match,match,war.,21.0,567.8
21,match,mis,De,1.0,395.2
21,match,mis,chirurg,2.0,392.2
21,match,mis,gaf,3.0,602.4
21,match,mis,aan,4.0,430.0
21,match,mis,slechts,5.0,648.4
21,match,mis,één,6.0,561.0
21,match,mis,��n,6.0,605.0
21,match,mis,dochter,7.0,814.8
21,match,mis,genoeg,8.0,563.4
21,match,mis,informatie,9.0,508.0
21,match,mis,die,10.0,435.6
21,match,mis,dag.,11.0,617.4
21,match,mis,Al,12.0,542.8
21,match,mis,sinds,13.0,395.8
21,match,mis,weken,14.0,442.0
21,match,mis,was,15.0,419.2
21,match,mis,hij,16.0,414.2
21,match,mis,heel,17.0,397.6
21,match,mis,erg,18.0,403.4
21,match,mis,in,19.0,410.4
21,match,mis,de,20.0,369.6
21,match,mis,war.,21.0,676.4
21,mis,match,De,1.0,235.5
21,mis,match,chirurg,2.0,335.0
21,mis,match,gaf,3.0,193.5
21,mis,match,aan,4.0,311.5
21,mis,match,slechts,5.0,260.0
21,mis,match,één,6.0,342.0
21,mis,match,dochter,7.0,282.0
21,mis,match,genoeg,8.0,287.5
21,mis,match,informatie,9.0,456.0
21,mis,match,die,10.0,336.0
21,mis,match,dag.,11.0,1982.5
21,mis,match,Al,12.0,363.0
21,mis,match,sinds,13.0,218.5
21,mis,match,weken,14.0,230.0
21,mis,match,was,15.0,246.5
21,mis,match,zij,16.0,261.0
21,mis,match,heel,17.0,237.0
21,mis,match,erg,18.0,224.0
21,mis,match,in,19.0,321.0
21,mis,match,de,20.0,256.5
21,mis,match,war.,21.0,918.5
21,mis,mis,De,1.0,507.75
21,mis,mis,chirurg,2.0,526.75
21,mis,mis,gaf,3.0,574.25
21,mis,mis,aan,4.0,482.25
21,mis,mis,slechts,5.0,456.5
21,mis,mis,één,6.0,494.25
21,mis,mis,zoon,7.0,497.0
21,mis,mis,genoeg,8.0,458.5
21,mis,mis,informatie,9.0,434.5
21,mis,mis,die,10.0,805.75
21,mis,mis,dag.,11.0,977.5
21,mis,mis,Al,12.0,536.5
21,mis,mis,sinds,13.0,435.5
21,mis,mis,weken,14.0,406.75
21,mis,mis,was,15.0,453.0
21,mis,mis,zij,16.0,338.25
21,mis,mis,heel,17.0,478.5
21,mis,mis,erg,18.0,444.0
21,mis,mis,in,19.0,443.5
21,mis,mis,de,20.0,484.0
21,mis,mis,war.,21.0,444.3333333333333
22,match,match,De,1.0,550.5
22,match,match,coach,2.0,415.5
22,match,match,moedigde,3.0,471.0
22,match,match,slechts,4.0,377.5
22,match,match,één,5.0,455.5
22,match,match,turner,6.0,348.5
22,match,match,enthousiast,7.0,385.0
22,match,match,aan,8.0,379.0
22,match,match,die,9.0,336.0
22,match,match,ochtend.,10.0,372.5
22,match,match,De,11.0,383.5
22,match,match,dag,12.0,361.5
22,match,match,ervoor,13.0,356.5
22,match,match,had,14.0,353.5
22,match,match,hij,15.0,325.0
22,match,match,niet,16.0,338.0
22,match,match,echt,17.0,380.5
22,match,match,maximale,18.0,327.0
22,match,match,inzet,19.0,436.5
22,match,match,getoond.,20.0,344.0
22,match,mis,De,1.0,520.0
22,match,mis,coach,2.0,439.0
22,match,mis,moedigde,3.0,680.25
22,match,mis,slechts,4.0,657.25
22,match,mis,één,5.0,419.5
22,match,mis,turnster,6.0,399.25
22,match,mis,enthousiast,7.0,656.5
22,match,mis,aan,8.0,400.25
22,match,mis,die,9.0,405.0
22,match,mis,ochtend.,10.0,441.25
22,match,mis,De,11.0,464.25
22,match,mis,dag,12.0,478.75
22,match,mis,ervoor,13.0,396.5
22,match,mis,had,14.0,390.5
22,match,mis,hij,15.0,447.25
22,match,mis,niet,16.0,396.5
22,match,mis,echt,17.0,416.75
22,match,mis,maximale,18.0,553.25
22,match,mis,inzet,19.0,528.5
22,match,mis,getoond.,20.0,1487.3333333333333
22,mis,match,De,1.0,408.6
22,mis,match,coach,2.0,516.2
22,mis,match,moedigde,3.0,655.2
22,mis,match,slechts,4.0,521.6
22,mis,match,één,5.0,597.25
22,mis,match,��n,5.0,1595.0
22,mis,match,turnster,6.0,446.6
22,mis,match,enthousiast,7.0,707.0
22,mis,match,aan,8.0,481.2
22,mis,match,die,9.0,368.0
22,mis,match,ochtend.,10.0,548.8
22,mis,match,De,11.0,699.0
22,mis,match,dag,12.0,387.8
22,mis,match,ervoor,13.0,452.8
22,mis,match,had,14.0,343.8
22,mis,match,zij,15.0,471.2
22,mis,match,niet,16.0,367.0
22,mis,match,echt,17.0,402.2
22,mis,match,maximale,18.0,476.4
22,mis,match,inzet,19.0,413.8
22,mis,match,getoond.,20.0,709.6
22,mis,mis,De,1.0,345.6
22,mis,mis,coach,2.0,372.8
22,mis,mis,moedigde,3.0,401.8
22,mis,mis,slechts,4.0,447.4
22,mis,mis,één,5.0,392.2
22,mis,mis,turner,6.0,378.8
22,mis,mis,enthousiast,7.0,463.8
22,mis,mis,aan,8.0,323.2
22,mis,mis,die,9.0,373.2
22,mis,mis,ochtend.,10.0,329.2
22,mis,mis,De,11.0,475.2
22,mis,mis,dag,12.0,330.2
22,mis,mis,ervoor,13.0,336.4
22,mis,mis,had,14.0,323.2
22,mis,mis,zij,15.0,328.8
22,mis,mis,niet,16.0,351.2
22,mis,mis,echt,17.0,365.8
22,mis,mis,maximale,18.0,327.0
22,mis,mis,inzet,19.0,365.4
22,mis,mis,getoond.,20.0,613.2
23,match,match,De,1.0,336.3333333333333
23,match,match,rechter,2.0,428.6666666666667
23,match,match,luisterde,3.0,301.6666666666667
23,match,match,naar,4.0,484.6666666666667
23,match,match,slechts,5.0,263.0
23,match,match,één,6.0,362.6666666666667
23,match,match,weduwnaar,7.0,291.6666666666667
23,match,match,geduldig,8.0,462.0
23,match,match,in,9.0,317.0
23,match,match,deze,10.0,281.3333333333333
23,match,match,zaak.,11.0,441.3333333333333
23,match,match,Nog,12.0,426.6666666666667
23,match,match,nooit,13.0,279.6666666666667
23,match,match,tevoren,14.0,257.3333333333333
23,match,match,kwam,15.0,416.3333333333333
23,match,match,hij,16.0,336.0
23,match,match,zo,17.0,327.0
23,match,match,enorm,18.0,314.0
23,match,match,erg,19.0,391.0
23,match,match,ongeloofwaardig,20.0,575.3333333333334
23,match,match,over.,21.0,1289.6666666666667
23,match,mis,De,1.0,345.4
23,match,mis,rechter,2.0,364.4
23,match,mis,luisterde,3.0,378.8
23,match,mis,naar,4.0,317.8
23,match,mis,slechts,5.0,364.2
23,match,mis,één,6.0,321.0
23,match,mis,weduwe,7.0,334.8
23,match,mis,geduldig,8.0,362.6
23,match,mis,in,9.0,348.2
23,match,mis,deze,10.0,315.6
23,match,mis,zaak.,11.0,593.6
23,match,mis,Nog,12.0,374.2
23,match,mis,nooit,13.0,385.8
23,match,mis,tevoren,14.0,322.0
23,match,mis,kwam,15.0,395.2
23,match,mis,hij,16.0,331.0
23,match,mis,zo,17.0,323.0
23,match,mis,enorm,18.0,365.2
23,match,mis,erg,19.0,402.4
23,match,mis,ongeloofwaardig,20.0,438.2
23,match,mis,over.,21.0,416.8
23,mis,match,De,1.0,475.5
23,mis,match,rechter,2.0,473.0
23,mis,match,luisterde,3.0,411.75
23,mis,match,naar,4.0,368.5
23,mis,match,slechts,5.0,431.75
23,mis,match,één,6.0,388.0
23,mis,match,weduwe,7.0,438.6666666666667
23,mis,match,geduldig,8.0,541.25
23,mis,match,in,9.0,412.25
23,mis,match,deze,10.0,438.75
23,mis,match,zaak.,11.0,505.25
23,mis,match,Nog,12.0,750.25
23,mis,match,nooit,13.0,378.5
23,mis,match,tevoren,14.0,460.0
23,mis,match,kwam,15.0,330.3333333333333
23,mis,match,zij,16.0,440.0
23,mis,match,zo,17.0,407.75
23,mis,match,enorm,18.0,420.0
23,mis,match,erg,19.0,393.0
23,mis,match,ongeloofwaardig,20.0,542.5
23,mis,match,over.,21.0,798.3333333333334
23,mis,mis,De,1.0,753.0
23,mis,mis,rechter,2.0,389.0
23,mis,mis,luisterde,3.0,409.0
23,mis,mis,naar,4.0,358.5
23,mis,mis,slechts,5.0,358.0
23,mis,mis,één,6.0,398.0
23,mis,mis,weduwnaar,7.0,606.0
23,mis,mis,geduldig,8.0,369.5
23,mis,mis,in,9.0,393.5
23,mis,mis,deze,10.0,379.0
23,mis,mis,zaak.,11.0,620.0
23,mis,mis,Nog,12.0,988.5
23,mis,mis,nooit,13.0,939.5
23,mis,mis,tevoren,14.0,358.5
23,mis,mis,kwam,15.0,574.5
23,mis,mis,zij,16.0,377.5
23,mis,mis,zo,17.0,373.0
23,mis,mis,enorm,18.0,404.0
23,mis,mis,erg,19.0,386.5
23,mis,mis,ongeloofwaardig,20.0,504.0
23,mis,mis,over.,21.0,1072.0
24,match,match,De,1.0,419.6666666666667
24,match,match,officier,2.0,366.0
24,match,match,schreeuwde,3.0,350.6666666666667
24,match,match,naar,4.0,600.3333333333334
24,match,match,slechts,5.0,342.3333333333333
24,match,match,één,6.0,355.0
24,match,match,verpleger,7.0,401.3333333333333
24,match,match,luid,8.0,362.3333333333333
24,match,match,genoeg,9.0,358.0
24,match,match,die,10.0,429.3333333333333
24,match,match,dag.,11.0,453.0
24,match,match,Tijdens,12.0,369.6666666666667
24,match,match,die,13.0,311.3333333333333
24,match,match,missie,14.0,379.0
24,match,match,zat,15.0,351.3333333333333
24,match,match,hij,16.0,370.0
24,match,match,in,17.0,351.0
24,match,match,een,18.0,354.0
24,match,match,bijna,19.0,316.0
24,match,match,geluidsdichte,20.0,502.3333333333333
24,match,match,bunker.,21.0,875.3333333333334
24,match,mis,De,1.0,329.5
24,match,mis,officier,2.0,420.5
24,match,mis,schreeuwde,3.0,352.0
24,match,mis,naar,4.0,380.5
24,match,mis,slechts,5.0,381.0
24,match,mis,één,6.0,377.0
24,match,mis,verpleegster,7.0,372.0
24,match,mis,luid,8.0,519.0
24,match,mis,genoeg,9.0,356.0
24,match,mis,die,10.0,382.0
24,match,mis,dag.,11.0,1387.5
24,match,mis,Tijdens,12.0,416.5
24,match,mis,die,13.0,324.0
24,match,mis,missie,14.0,392.0
24,match,mis,zat,15.0,461.0
24,match,mis,hij,16.0,345.5
24,match,mis,in,17.0,331.0
24,match,mis,een,18.0,339.5
24,match,mis,bijna,19.0,382.0
24,match,mis,geluidsdichte,20.0,501.0
24,match,mis,bunker.,21.0,856.0
24,mis,match,De,1.0,338.2
24,mis,match,officier,2.0,324.6
24,mis,match,schreeuwde,3.0,352.2
24,mis,match,naar,4.0,518.2
24,mis,match,slechts,5.0,393.0
24,mis,match,één,6.0,443.8
24,mis,match,verpleegster,7.0,364.6
24,mis,match,luid,8.0,432.0
24,mis,match,genoeg,9.0,371.8
24,mis,match,die,10.0,336.4
24,mis,match,dag.,11.0,541.2
24,mis,match,Tijdens,12.0,456.0
24,mis,match,die,13.0,388.6
24,mis,match,missie,14.0,370.8
24,mis,match,zat,15.0,339.8
24,mis,match,zij,16.0,318.0
24,mis,match,in,17.0,309.2
24,mis,match,een,18.0,330.4
24,mis,match,bijna,19.0,330.8
24,mis,match,geluidsdichte,20.0,426.8
24,mis,match,bunker.,21.0,486.0
24,mis,mis,De,1.0,392.5
24,mis,mis,officier,2.0,301.3333333333333
24,mis,mis,schreeuwde,3.0,411.0
24,mis,mis,naar,4.0,268.6666666666667
24,mis,mis,slechts,5.0,293.0
24,mis,mis,één,6.0,280.6666666666667
24,mis,mis,verpleger,7.0,332.6666666666667
24,mis,mis,luid,8.0,392.6666666666667
24,mis,mis,genoeg,9.0,298.0
24,mis,mis,die,10.0,331.6666666666667
24,mis,mis,dag.,11.0,367.0
24,mis,mis,Tijdens,12.0,1315.0
24,mis,mis,die,13.0,297.3333333333333
24,mis,mis,missie,14.0,337.6666666666667
24,mis,mis,zat,15.0,395.6666666666667
24,mis,mis,zij,16.0,385.6666666666667
24,mis,mis,in,17.0,360.0
24,mis,mis,een,18.0,266.6666666666667
24,mis,mis,bijna,19.0,523.3333333333334
24,mis,mis,geluidsdichte,20.0,697.0
24,mis,mis,bunker.,21.0,582.3333333333334
25,match,match,De,1.0,323.3333333333333
25,match,match,uitsmijter,2.0,178.0
25,match,match,overlegde,3.0,259.0
25,match,match,met,4.0,290.3333333333333
25,match,match,een,5.0,236.0
25,match,match,gastheer,6.0,233.0
25,match,match,over,7.0,288.6666666666667
25,match,match,het,8.0,242.33333333333334
25,match,match,deurbeleid,9.0,248.66666666666666
25,match,match,die,10.0,271.3333333333333
25,match,match,avond.,11.0,254.66666666666666
25,match,match,Al,12.0,370.0
25,match,match,een,13.0,218.0
25,match,match,aantal,14.0,209.0
25,match,match,jaar,15.0,231.66666666666666
25,match,match,had,16.0,243.0
25,match,match,hij,17.0,223.33333333333334
25,match,match,tijdens,18.0,207.0
25,match,match,zulke,19.0,214.0
25,match,match,grote,20.0,198.66666666666666
25,match,match,feesten,21.0,343.3333333333333
25,match,match,gewerkt.,22.0,268.6666666666667
25,match,mis,De,1.0,895.3333333333334
25,match,mis,uitsmijter,2.0,459.6666666666667
25,match,mis,overlegde,3.0,584.3333333333334
25,match,mis,met,4.0,362.6666666666667
25,match,mis,een,5.0,339.5
25,match,mis,gastvrouw,6.0,476.6666666666667
25,match,mis,over,7.0,363.0
25,match,mis,het,8.0,519.6666666666666
25,match,mis,deurbeleid,9.0,521.3333333333334
25,match,mis,die,10.0,349.3333333333333
25,match,mis,avond.,11.0,393.3333333333333
25,match,mis,Al,12.0,365.0
25,match,mis,een,13.0,356.3333333333333
25,match,mis,aantal,14.0,261.6666666666667
25,match,mis,jaar,15.0,273.6666666666667
25,match,mis,had,16.0,359.3333333333333
25,match,mis,hij,17.0,328.3333333333333
25,match,mis,tijdens,18.0,371.0
25,match,mis,zulke,19.0,345.6666666666667
25,match,mis,grote,20.0,365.6666666666667
25,match,mis,feesten,21.0,409.0
25,match,mis,gewerkt.,22.0,417.0
25,mis,match,De,1.0,361.0
25,mis,match,uitsmijter,2.0,420.0
25,mis,match,overlegde,3.0,479.5
25,mis,match,met,4.0,404.0
25,mis,match,een,5.0,394.0
25,mis,match,gastvrouw,6.0,806.5
25,mis,match,over,7.0,373.5
25,mis,match,het,8.0,355.5
25,mis,match,deurbeleid,9.0,417.5
25,mis,match,die,10.0,432.5
25,mis,match,avond.,11.0,611.5
25,mis,match,Al,12.0,508.5
25,mis,match,een,13.0,372.5
25,mis,match,aantal,14.0,658.5
25,mis,match,jaar,15.0,373.5
25,mis,match,had,16.0,354.5
25,mis,match,zij,17.0,464.0
25,mis,match,tijdens,18.0,467.0
25,mis,match,zulke,19.0,369.5
25,mis,match,grote,20.0,376.0
25,mis,match,feesten,21.0,393.0
25,mis,match,gewerkt.,22.0,440.5
25,mis,mis,De,1.0,319.0
25,mis,mis,uitsmijter,2.0,400.3333333333333
25,mis,mis,overlegde,3.0,386.6666666666667
25,mis,mis,met,4.0,349.0
25,mis,mis,een,5.0,360.0
25,mis,mis,gastheer,6.0,366.0
25,mis,mis,over,7.0,397.6666666666667
25,mis,mis,het,8.0,368.6666666666667
25,mis,mis,deurbeleid,9.0,408.3333333333333
25,mis,mis,die,10.0,432.0
25,mis,mis,avond.,11.0,412.0
25,mis,mis,Al,12.0,443.6666666666667
25,mis,mis,een,13.0,418.3333333333333
25,mis,mis,aantal,14.0,426.0
25,mis,mis,jaar,15.0,353.0
25,mis,mis,had,16.0,324.6666666666667
25,mis,mis,zij,17.0,328.0
25,mis,mis,tijdens,18.0,370.3333333333333
25,mis,mis,zulke,19.0,363.3333333333333
25,mis,mis,grote,20.0,369.0
25,mis,mis,feesten,21.0,429.3333333333333
25,mis,mis,gewerkt.,22.0,684.3333333333334
26,match,match,De,1.0,324.0
26,match,match,opzichter,2.0,263.5
26,match,match,liet,3.0,401.0
26,match,match,aan,4.0,334.5
26,match,match,een,5.0,276.0
26,match,match,directeur,6.0,261.5
26,match,match,de,7.0,306.0
26,match,match,bouwplaats,8.0,284.5
26,match,match,zien,9.0,371.5
26,match,match,die,10.0,316.5
26,match,match,maand.,11.0,770.5
26,match,match,Al,12.0,308.5
26,match,match,enkele,13.0,402.0
26,match,match,weken,14.0,266.5
26,match,match,was,15.0,304.0
26,match,match,hij,16.0,784.5
26,match,match,de,17.0,214.5
26,match,match,deur,18.0,346.5
26,match,match,niet,19.0,389.0
26,match,match,uitgeweest.,20.0,829.0
26,match,mis,De,1.0,417.6666666666667
26,match,mis,opzichter,2.0,561.6666666666666
26,match,mis,liet,3.0,336.6666666666667
26,match,mis,aan,4.0,385.3333333333333
26,match,mis,een,5.0,371.0
26,match,mis,directrice,6.0,524.3333333333334
26,match,mis,de,7.0,323.6666666666667
26,match,mis,bouwplaats,8.0,361.3333333333333
26,match,mis,zien,9.0,551.0
26,match,mis,die,10.0,408.0
26,match,mis,maand.,11.0,947.0
26,match,mis,Al,12.0,408.6666666666667
26,match,mis,enkele,13.0,312.0
26,match,mis,weken,14.0,310.3333333333333
26,match,mis,was,15.0,313.6666666666667
26,match,mis,hij,16.0,312.3333333333333
26,match,mis,de,17.0,296.0
26,match,mis,deur,18.0,323.0
26,match,mis,niet,19.0,342.6666666666667
26,match,mis,uitgeweest.,20.0,544.3333333333334
26,mis,match,De,1.0,332.6666666666667
26,mis,match,opzichter,2.0,295.0
26,mis,match,liet,3.0,339.0
26,mis,match,aan,4.0,290.3333333333333
26,mis,match,een,5.0,235.33333333333334
26,mis,match,directrice,6.0,420.3333333333333
26,mis,match,de,7.0,361.6666666666667
26,mis,match,bouwplaats,8.0,272.6666666666667
26,mis,match,zien,9.0,370.0
26,mis,match,die,10.0,332.0
26,mis,match,maand.,11.0,521.6666666666666
26,mis,match,Al,12.0,372.3333333333333
26,mis,match,enkele,13.0,337.0
26,mis,match,weken,14.0,257.0
26,mis,match,was,15.0,472.6666666666667
26,mis,match,zij,16.0,304.6666666666667
26,mis,match,de,17.0,335.3333333333333
26,mis,match,deur,18.0,363.6666666666667
26,mis,match,niet,19.0,401.3333333333333
26,mis,match,uitgeweest.,20.0,568.6666666666666
26,mis,mis,De,1.0,347.3333333333333
26,mis,mis,opzichter,2.0,251.0
26,mis,mis,liet,3.0,278.0
26,mis,mis,aan,4.0,422.6666666666667
26,mis,mis,een,5.0,274.6666666666667
26,mis,mis,directeur,6.0,306.3333333333333
26,mis,mis,de,7.0,292.0
26,mis,mis,bouwplaats,8.0,300.0
26,mis,mis,zien,9.0,336.3333333333333
26,mis,mis,die,10.0,261.3333333333333
26,mis,mis,maand.,11.0,300.0
26,mis,mis,Al,12.0,395.3333333333333
26,mis,mis,enkele,13.0,316.6666666666667
26,mis,mis,weken,14.0,269.3333333333333
26,mis,mis,was,15.0,343.0
26,mis,mis,zij,16.0,265.0
26,mis,mis,de,17.0,248.66666666666666
26,mis,mis,deur,18.0,242.0
26,mis,mis,niet,19.0,278.6666666666667
26,mis,mis,uitgeweest.,20.0,249.66666666666666
27,match,match,De,1.0,432.4
27,match,match,cipier,2.0,429.4
27,match,match,gaf,3.0,385.4
27,match,match,aan,4.0,469.6
27,match,match,maar,5.0,493.8
27,match,match,één,6.0,642.75
27,match,match,��n,6.0,648.0
27,match,match,echtgenoot,7.0,438.0
27,match,match,toestemming,8.0,413.0
27,match,match,om,9.0,392.2
27,match,match,binnen,10.0,350.4
27,match,match,te,11.0,491.4
27,match,match,komen.,12.0,500.0
27,match,match,Enkele,13.0,425.8
27,match,match,uren,14.0,677.8
27,match,match,daarna,15.0,394.2
27,match,match,was,16.0,353.6
27,match,match,hij,17.0,395.6
27,match,match,nog,18.0,437.8
27,match,match,steeds,19.0,412.0
27,match,match,erg,20.0,324.8
27,match,match,chagrijnig.,21.0,762.6
27,match,mis,De,1.0,319.0
27,match,mis,cipier,2.0,277.0
27,match,mis,gaf,3.0,360.6666666666667
27,match,mis,aan,4.0,268.6666666666667
27,match,mis,maar,5.0,247.0
27,match,mis,één,6.0,420.6666666666667
27,match,mis,echtgenote,7.0,307.0
27,match,mis,toestemming,8.0,264.3333333333333
27,match,mis,om,9.0,316.3333333333333
27,match,mis,binnen,10.0,303.6666666666667
27,match,mis,te,11.0,314.6666666666667
27,match,mis,komen.,12.0,392.6666666666667
27,match,mis,Enkele,13.0,562.0
27,match,mis,uren,14.0,298.0
27,match,mis,daarna,15.0,330.0
27,match,mis,was,16.0,253.0
27,match,mis,hij,17.0,230.33333333333334
27,match,mis,nog,18.0,222.66666666666666
27,match,mis,steeds,19.0,212.66666666666666
27,match,mis,erg,20.0,309.0
27,match,mis,chagrijnig.,21.0,511.0
27,mis,match,De,1.0,337.3333333333333
27,mis,match,cipier,2.0,304.0
27,mis,match,gaf,3.0,398.0
27,mis,match,aan,4.0,302.0
27,mis,match,maar,5.0,384.3333333333333
27,mis,match,één,6.0,369.3333333333333
27,mis,match,echtgenote,7.0,436.0
27,mis,match,toestemming,8.0,401.0
27,mis,match,om,9.0,374.0
27,mis,match,binnen,10.0,314.0
27,mis,match,te,11.0,369.3333333333333
27,mis,match,komen.,12.0,431.0
27,mis,match,Enkele,13.0,356.3333333333333
27,mis,match,uren,14.0,325.0
27,mis,match,daarna,15.0,332.6666666666667
27,mis,match,was,16.0,343.0
27,mis,match,zij,17.0,337.0
27,mis,match,nog,18.0,326.3333333333333
27,mis,match,steeds,19.0,327.3333333333333
27,mis,match,erg,20.0,389.0
27,mis,match,chagrijnig.,21.0,707.0
27,mis,mis,De,1.0,315.0
27,mis,mis,cipier,2.0,313.5
27,mis,mis,gaf,3.0,307.5
27,mis,mis,aan,4.0,291.0
27,mis,mis,maar,5.0,246.5
27,mis,mis,één,6.0,321.5
27,mis,mis,echtgenoot,7.0,271.0
27,mis,mis,toestemming,8.0,373.5
27,mis,mis,om,9.0,350.0
27,mis,mis,binnen,10.0,283.0
27,mis,mis,te,11.0,383.5
27,mis,mis,komen.,12.0,1011.5
27,mis,mis,Enkele,13.0,282.0
27,mis,mis,uren,14.0,218.5
27,mis,mis,daarna,15.0,298.5
27,mis,mis,was,16.0,251.0
27,mis,mis,zij,17.0,243.5
27,mis,mis,nog,18.0,255.0
27,mis,mis,steeds,19.0,395.5
27,mis,mis,erg,20.0,380.0
27,mis,mis,chagrijnig.,21.0,1217.5
28,match,match,De,1.0,472.25
28,match,match,cabaretier,2.0,522.5
28,match,match,maakte,3.0,696.5
28,match,match,over,4.0,508.0
28,match,match,een,5.0,458.25
28,match,match,waarzegger,6.0,617.0
28,match,match,veel,7.0,455.0
28,match,match,grappen,8.0,476.0
28,match,match,tijdens,9.0,458.75
28,match,match,die,10.0,415.75
28,match,match,voorstelling.,11.0,646.75
28,match,match,De,12.0,437.5
28,match,match,vorige,13.0,403.25
28,match,match,keer,14.0,994.25
28,match,match,had,15.0,401.75
28,match,match,hij,16.0,347.5
28,match,match,zichzelf,17.0,410.75
28,match,match,weer,18.0,378.75
28,match,match,eens,19.0,436.5
28,match,match,belachelijk,20.0,483.5
28,match,match,gemaakt.,21.0,758.0
28,match,mis,De,1.0,544.5
28,match,mis,cabaretier,2.0,319.5
28,match,mis,maakte,3.0,405.0
28,match,mis,over,4.0,297.5
28,match,mis,een,5.0,391.5
28,match,mis,waarzegster,6.0,418.5
28,match,mis,veel,7.0,329.5
28,match,mis,grappen,8.0,338.5
28,match,mis,tijdens,9.0,473.5
28,match,mis,die,10.0,351.0
28,match,mis,voorstelling.,11.0,1166.5
28,match,mis,De,12.0,341.0
28,match,mis,vorige,13.0,338.0
28,match,mis,keer,14.0,396.0
28,match,mis,had,15.0,330.5
28,match,mis,hij,16.0,385.0
28,match,mis,zichzelf,17.0,320.5
28,match,mis,weer,18.0,348.5
28,match,mis,eens,19.0,369.5
28,match,mis,belachelijk,20.0,373.5
28,match,mis,gemaakt.,21.0,541.0
28,mis,match,De,1.0,323.6666666666667
28,mis,match,cabaretier,2.0,329.3333333333333
28,mis,match,maakte,3.0,256.3333333333333
28,mis,match,over,4.0,245.66666666666666
28,mis,match,een,5.0,226.66666666666666
28,mis,match,waarzegster,6.0,243.0
28,mis,match,veel,7.0,223.0
28,mis,match,grappen,8.0,243.33333333333334
28,mis,match,tijdens,9.0,234.0
28,mis,match,die,10.0,263.3333333333333
28,mis,match,voorstelling.,11.0,295.6666666666667
28,mis,match,De,12.0,360.6666666666667
28,mis,match,vorige,13.0,227.66666666666666
28,mis,match,keer,14.0,283.6666666666667
28,mis,match,had,15.0,265.0
28,mis,match,zij,16.0,242.66666666666666
28,mis,match,zichzelf,17.0,248.0
28,mis,match,weer,18.0,284.0
28,mis,match,eens,19.0,277.3333333333333
28,mis,match,belachelijk,20.0,284.0
28,mis,match,gemaakt.,21.0,342.3333333333333
28,mis,mis,De,1.0,483.6
28,mis,mis,cabaretier,2.0,802.0
28,mis,mis,maakte,3.0,476.0
28,mis,mis,over,4.0,497.2
28,mis,mis,een,5.0,423.0
28,mis,mis,waarzegger,6.0,499.0
28,mis,mis,veel,7.0,635.2
28,mis,mis,grappen,8.0,970.0
28,mis,mis,tijdens,9.0,409.6
28,mis,mis,die,10.0,363.6
28,mis,mis,voorstelling.,11.0,587.2
28,mis,mis,De,12.0,617.6
28,mis,mis,vorige,13.0,424.6
28,mis,mis,keer,14.0,445.2
28,mis,mis,had,15.0,505.6
28,mis,mis,zij,16.0,480.2
28,mis,mis,zichzelf,17.0,527.6
28,mis,mis,weer,18.0,518.6
28,mis,mis,eens,19.0,450.6
28,mis,mis,belachelijk,20.0,538.0
28,mis,mis,gemaakt.,21.0,1303.4
29,match,match,De,1.0,327.2
29,match,match,beroepsmilitair,2.0,539.4
29,match,match,vroeg,3.0,430.0
29,match,match,aan,4.0,373.2
29,match,match,een,5.0,533.4
29,match,match,diëtist,6.0,411.2
29,match,match,om,7.0,379.0
29,match,match,voedingsadvies,8.0,490.8
29,match,match,die,9.0,411.6
29,match,match,dag.,10.0,439.2
29,match,match,Al,11.0,525.6
29,match,match,de,12.0,327.8
29,match,match,hele,13.0,304.0
29,match,match,week,14.0,328.2
29,match,match,zag,15.0,324.6
29,match,match,hij,16.0,345.0
29,match,match,hier,17.0,368.2
29,match,match,heel,18.0,340.0
29,match,match,erg,19.0,359.4
29,match,match,tegen,20.0,437.2
29,match,match,op.,21.0,677.2
29,match,mis,De,1.0,421.2
29,match,mis,beroepsmilitair,2.0,527.8
29,match,mis,vroeg,3.0,517.8
29,match,mis,aan,4.0,386.4
29,match,mis,een,5.0,362.0
29,match,mis,diëtiste,6.0,485.75
29,match,mis,di�tiste,6.0,676.0
29,match,mis,om,7.0,566.2
29,match,mis,voedingsadvies,8.0,497.4
29,match,mis,die,9.0,406.6
29,match,mis,dag.,10.0,494.8
29,match,mis,Al,11.0,412.6
29,match,mis,de,12.0,328.4
29,match,mis,hele,13.0,399.2
29,match,mis,week,14.0,344.2
29,match,mis,zag,15.0,349.6
29,match,mis,hij,16.0,381.8
29,match,mis,hier,17.0,322.6
29,match,mis,heel,18.0,351.8
29,match,mis,erg,19.0,346.8
29,match,mis,tegen,20.0,347.4
29,match,mis,op.,21.0,452.2
29,mis,match,De,1.0,289.5
29,mis,match,beroepsmilitair,2.0,326.5
29,mis,match,vroeg,3.0,326.5
29,mis,match,aan,4.0,255.5
29,mis,match,een,5.0,245.0
29,mis,match,diëtiste,6.0,280.0
29,mis,match,om,7.0,270.5
29,mis,match,voedingsadvies,8.0,418.5
29,mis,match,die,9.0,311.5
29,mis,match,dag.,10.0,549.5
29,mis,match,Al,11.0,360.0
29,mis,match,de,12.0,209.0
29,mis,match,hele,13.0,206.0
29,mis,match,week,14.0,242.5
29,mis,match,zag,15.0,276.5
29,mis,match,zij,16.0,220.0
29,mis,match,hier,17.0,215.5
29,mis,match,heel,18.0,260.0
29,mis,match,erg,19.0,353.0
29,mis,match,tegen,20.0,355.0
29,mis,match,op.,21.0,1640.5
29,mis,mis,De,1.0,415.5
29,mis,mis,beroepsmilitair,2.0,508.25
29,mis,mis,vroeg,3.0,403.75
29,mis,mis,aan,4.0,376.5
29,mis,mis,een,5.0,361.5
29,mis,mis,diëtist,6.0,437.0
29,mis,mis,om,7.0,422.75
29,mis,mis,voedingsadvies,8.0,523.25
29,mis,mis,die,9.0,484.25
29,mis,mis,dag.,10.0,493.5
29,mis,mis,Al,11.0,445.75
29,mis,mis,de,12.0,369.25
29,mis,mis,hele,13.0,357.75
29,mis,mis,week,14.0,407.75
29,mis,mis,zag,15.0,392.0
29,mis,mis,zij,16.0,430.25
29,mis,mis,hier,17.0,466.5
29,mis,mis,heel,18.0,392.5
29,mis,mis,erg,19.0,414.75
29,mis,mis,tegen,20.0,379.25
29,mis,mis,op.,21.0,363.6666666666667
3,match,match,De,1.0,461.2
3,match,match,wethouder,2.0,411.6
3,match,match,bestelde,3.0,513.2
3,match,match,bij,4.0,597.8
3,match,match,een,5.0,484.2
3,match,match,barman,6.0,497.2
3,match,match,een,7.0,512.6
3,match,match,drankje,8.0,443.6
3,match,match,tijdens,9.0,412.8
3,match,match,het,10.0,390.0
3,match,match,feest.,11.0,512.4
3,match,match,De,12.0,455.4
3,match,match,hele,13.0,446.4
3,match,match,tijd,14.0,469.4
3,match,match,was,15.0,434.8
3,match,match,hij,16.0,376.0
3,match,match,druk,17.0,372.2
3,match,match,in,18.0,362.0
3,match,match,de,19.0,366.0
3,match,match,weer.,20.0,632.0
3,match,mis,De,1.0,289.0
3,match,mis,wethouder,2.0,372.0
3,match,mis,bestelde,3.0,279.6666666666667
3,match,mis,bij,4.0,260.3333333333333
3,match,mis,een,5.0,276.3333333333333
3,match,mis,barvrouw,6.0,238.0
3,match,mis,een,7.0,187.33333333333334
3,match,mis,drankje,8.0,254.0
3,match,mis,tijdens,9.0,325.6666666666667
3,match,mis,het,10.0,249.33333333333334
3,match,mis,feest.,11.0,291.3333333333333
3,match,mis,De,12.0,324.6666666666667
3,match,mis,hele,13.0,214.66666666666666
3,match,mis,tijd,14.0,197.0
3,match,mis,was,15.0,212.66666666666666
3,match,mis,hij,16.0,256.6666666666667
3,match,mis,druk,17.0,195.33333333333334
3,match,mis,in,18.0,180.0
3,match,mis,de,19.0,184.66666666666666
3,match,mis,weer.,20.0,296.3333333333333
3,mis,match,De,1.0,513.6666666666666
3,mis,match,wethouder,2.0,504.6666666666667
3,mis,match,bestelde,3.0,387.6666666666667
3,mis,match,bij,4.0,375.3333333333333
3,mis,match,een,5.0,354.3333333333333
3,mis,match,barvrouw,6.0,458.0
3,mis,match,een,7.0,367.3333333333333
3,mis,match,drankje,8.0,331.6666666666667
3,mis,match,tijdens,9.0,362.6666666666667
3,mis,match,het,10.0,359.3333333333333
3,mis,match,feest.,11.0,672.0
3,mis,match,De,12.0,402.0
3,mis,match,hele,13.0,414.3333333333333
3,mis,match,tijd,14.0,329.0
3,mis,match,was,15.0,365.3333333333333
3,mis,match,zij,16.0,344.0
3,mis,match,druk,17.0,375.3333333333333
3,mis,match,in,18.0,328.3333333333333
3,mis,match,de,19.0,370.6666666666667
3,mis,match,weer.,20.0,551.0
3,mis,mis,De,1.0,260.5
3,mis,mis,wethouder,2.0,275.5
3,mis,mis,bestelde,3.0,344.0
3,mis,mis,bij,4.0,433.5
3,mis,mis,een,5.0,294.0
3,mis,mis,barman,6.0,310.5
3,mis,mis,een,7.0,293.5
3,mis,mis,drankje,8.0,217.5
3,mis,mis,tijdens,9.0,320.5
3,mis,mis,het,10.0,197.0
3,mis,mis,feest.,11.0,445.0
3,mis,mis,De,12.0,498.5
3,mis,mis,hele,13.0,203.5
3,mis,mis,tijd,14.0,233.5
3,mis,mis,was,15.0,210.5
3,mis,mis,zij,16.0,226.0
3,mis,mis,druk,17.0,390.0
3,mis,mis,in,18.0,203.0
3,mis,mis,de,19.0,539.5
3,mis,mis,weer.,20.0,195.0
30,match,match,De,1.0,376.5
30,match,match,deurwaarder,2.0,478.0
30,match,match,keek,3.0,419.0
30,match,match,naar,4.0,455.0
30,match,match,slechts,5.0,481.0
30,match,match,één,6.0,352.0
30,match,match,receptionist,7.0,339.5
30,match,match,om,8.0,401.5
30,match,match,bij,9.0,367.0
30,match,match,binnenkomst.,10.0,671.0
30,match,match,Zoals,11.0,505.0
30,match,match,wel,12.0,332.0
30,match,match,vaker,13.0,308.5
30,match,match,werd,14.0,372.5
30,match,match,hij,15.0,326.0
30,match,match,door,16.0,295.5
30,match,match,niet,17.0,355.0
30,match,match,zoveel,18.0,419.0
30,match,match,mensen,19.0,361.5
30,match,match,opgemerkt.,20.0,458.0
30,match,mis,De,1.0,504.25
30,match,mis,deurwaarder,2.0,669.75
30,match,mis,keek,3.0,425.75
30,match,mis,naar,4.0,422.0
30,match,mis,slechts,5.0,424.25
30,match,mis,één,6.0,431.5
30,match,mis,receptioniste,7.0,534.25
30,match,mis,om,8.0,532.0
30,match,mis,bij,9.0,444.5
30,match,mis,binnenkomst.,10.0,903.0
30,match,mis,Zoals,11.0,835.0
30,match,mis,wel,12.0,477.0
30,match,mis,vaker,13.0,469.25
30,match,mis,werd,14.0,518.75
30,match,mis,hij,15.0,361.0
30,match,mis,door,16.0,435.25
30,match,mis,niet,17.0,385.75
30,match,mis,zoveel,18.0,501.0
30,match,mis,mensen,19.0,497.75
30,match,mis,opgemerkt.,20.0,626.0
30,mis,match,De,1.0,499.0
30,mis,match,deurwaarder,2.0,577.2
30,mis,match,keek,3.0,785.4
30,mis,match,naar,4.0,427.2
30,mis,match,slechts,5.0,617.4
30,mis,match,één,6.0,548.25
30,mis,match,��n,6.0,574.0
30,mis,match,receptioniste,7.0,553.6
30,mis,match,om,8.0,428.8
30,mis,match,bij,9.0,432.8
30,mis,match,binnenkomst.,10.0,991.4
30,mis,match,Zoals,11.0,620.8
30,mis,match,wel,12.0,472.0
30,mis,match,vaker,13.0,438.4
30,mis,match,werd,14.0,339.6
30,mis,match,zij,15.0,360.8
30,mis,match,door,16.0,372.2
30,mis,match,niet,17.0,367.2
30,mis,match,zoveel,18.0,487.6
30,mis,match,mensen,19.0,470.2
30,mis,match,opgemerkt.,20.0,731.0
30,mis,mis,De,1.0,364.6
30,mis,mis,deurwaarder,2.0,572.0
30,mis,mis,keek,3.0,514.0
30,mis,mis,naar,4.0,415.8
30,mis,mis,slechts,5.0,485.4
30,mis,mis,één,6.0,459.6
30,mis,mis,receptionist,7.0,673.8
30,mis,mis,om,8.0,600.2
30,mis,mis,bij,9.0,428.8
30,mis,mis,binnenkomst.,10.0,820.25
30,mis,mis,Zoals,11.0,457.8
30,mis,mis,wel,12.0,714.6
30,mis,mis,vaker,13.0,838.6
30,mis,mis,werd,14.0,397.0
30,mis,mis,zij,15.0,430.0
30,mis,mis,door,16.0,397.4
30,mis,mis,niet,17.0,436.2
30,mis,mis,zoveel,18.0,407.4
30,mis,mis,mensen,19.0,450.0
30,mis,mis,opgemerkt.,20.0,761.75
31,match,match,De,1.0,675.0
31,match,match,programmeur,2.0,578.3333333333334
31,match,match,kreeg,3.0,328.3333333333333
31,match,match,van,4.0,304.3333333333333
31,match,match,een,5.0,411.0
31,match,match,leraar,6.0,408.3333333333333
31,match,match,feedback,7.0,379.3333333333333
31,match,match,op,8.0,350.3333333333333
31,match,match,het,9.0,341.6666666666667
31,match,match,systeem.,10.0,625.6666666666666
31,match,match,Al,11.0,804.0
31,match,match,vanaf,12.0,332.0
31,match,match,het,13.0,355.3333333333333
31,match,match,begin,14.0,349.3333333333333
31,match,match,wist,15.0,227.33333333333334
31,match,match,hij,16.0,311.6666666666667
31,match,match,zich,17.0,230.66666666666666
31,match,match,er,18.0,269.3333333333333
31,match,match,niet,19.0,435.6666666666667
31,match,match,zo,20.0,245.33333333333334
31,match,match,goed,21.0,252.66666666666666
31,match,match,raad,22.0,329.3333333333333
31,match,match,mee.,23.0,412.0
31,match,mis,De,1.0,319.2
31,match,mis,programmeur,2.0,331.6
31,match,mis,kreeg,3.0,415.8
31,match,mis,van,4.0,374.4
31,match,mis,een,5.0,415.2
31,match,mis,lerares,6.0,396.4
31,match,mis,feedback,7.0,466.0
31,match,mis,op,8.0,349.2
31,match,mis,het,9.0,343.2
31,match,mis,systeem.,10.0,480.2
31,match,mis,Al,11.0,376.0
31,match,mis,vanaf,12.0,415.2
31,match,mis,het,13.0,378.0
31,match,mis,begin,14.0,318.6
31,match,mis,wist,15.0,353.8
31,match,mis,hij,16.0,336.4
31,match,mis,zich,17.0,376.0
31,match,mis,er,18.0,307.6
31,match,mis,niet,19.0,331.4
31,match,mis,zo,20.0,331.0
31,match,mis,goed,21.0,303.8
31,match,mis,raad,22.0,339.2
31,match,mis,mee.,23.0,534.0
31,mis,match,De,1.0,427.0
31,mis,match,programmeur,2.0,371.0
31,mis,match,kreeg,3.0,485.25
31,mis,match,van,4.0,404.75
31,mis,match,een,5.0,386.25
31,mis,match,lerares,6.0,398.25
31,mis,match,feedback,7.0,508.25
31,mis,match,op,8.0,361.25
31,mis,match,het,9.0,371.0
31,mis,match,systeem.,10.0,570.75
31,mis,match,Al,11.0,438.75
31,mis,match,vanaf,12.0,368.25
31,mis,match,het,13.0,393.25
31,mis,match,begin,14.0,408.75
31,mis,match,wist,15.0,374.25
31,mis,match,zij,16.0,370.75
31,mis,match,zich,17.0,376.25
31,mis,match,er,18.0,415.5
31,mis,match,niet,19.0,363.25
31,mis,match,zo,20.0,380.75
31,mis,match,goed,21.0,381.5
31,mis,match,raad,22.0,780.0
31,mis,match,mee.,23.0,392.6666666666667
31,mis,mis,De,1.0,365.5
31,mis,mis,programmeur,2.0,388.0
31,mis,mis,kreeg,3.0,491.5
31,mis,mis,van,4.0,345.5
31,mis,mis,een,5.0,345.5
31,mis,mis,leraar,6.0,341.0
31,mis,mis,feedback,7.0,371.0
31,mis,mis,op,8.0,362.5
31,mis,mis,het,9.0,359.0
31,mis,mis,systeem.,10.0,1395.5
31,mis,mis,Al,11.0,373.0
31,mis,mis,vanaf,12.0,326.0
31,mis,mis,het,13.0,330.0
31,mis,mis,begin,14.0,332.0
31,mis,mis,wist,15.0,327.5
31,mis,mis,zij,16.0,337.5
31,mis,mis,zich,17.0,330.5
31,mis,mis,er,18.0,348.0
31,mis,mis,niet,19.0,338.5
31,mis,mis,zo,20.0,370.0
31,mis,mis,goed,21.0,379.5
31,mis,mis,raad,22.0,425.5
31,mis,mis,mee.,23.0,369.5
32,match,match,De,1.0,483.0
32,match,match,accountant,2.0,545.0
32,match,match,had,3.0,430.5
32,match,match,een,4.0,419.6666666666667
32,match,match,zakenman,5.0,412.6666666666667
32,match,match,op,6.0,345.3333333333333
32,match,match,de,7.0,320.0
32,match,match,hoogte,8.0,337.6666666666667
32,match,match,gesteld,9.0,344.6666666666667
32,match,match,die,10.0,326.0
32,match,match,avond.,11.0,827.0
32,match,match,Al,12.0,461.0
32,match,match,sinds,13.0,369.0
32,match,match,jaren,14.0,327.3333333333333
32,match,match,had,15.0,322.3333333333333
32,match,match,hij,16.0,331.0
32,match,match,niet,17.0,336.0
32,match,match,meer,18.0,313.3333333333333
32,match,match,zoiets,19.0,320.6666666666667
32,match,match,meegemaakt.,20.0,985.0
32,match,mis,De,1.0,350.0
32,match,mis,accountant,2.0,425.5
32,match,mis,had,3.0,359.0
32,match,mis,een,4.0,376.5
32,match,mis,zakenvrouw,5.0,970.5
32,match,mis,op,6.0,362.5
32,match,mis,de,7.0,344.5
32,match,mis,hoogte,8.0,389.5
32,match,mis,gesteld,9.0,363.0
32,match,mis,die,10.0,370.0
32,match,mis,avond.,11.0,1170.5
32,match,mis,Al,12.0,364.0
32,match,mis,sinds,13.0,338.5
32,match,mis,jaren,14.0,351.0
32,match,mis,had,15.0,337.5
32,match,mis,hij,16.0,367.0
32,match,mis,niet,17.0,313.5
32,match,mis,meer,18.0,385.5
32,match,mis,zoiets,19.0,431.0
32,match,mis,meegemaakt.,20.0,681.0
32,mis,match,De,1.0,344.6
32,mis,match,accountant,2.0,466.2
32,mis,match,had,3.0,404.2
32,mis,match,een,4.0,391.4
32,mis,match,zakenvrouw,5.0,714.8
32,mis,match,op,6.0,401.8
32,mis,match,de,7.0,458.4
32,mis,match,hoogte,8.0,455.6
32,mis,match,gesteld,9.0,302.4
32,mis,match,die,10.0,329.4
32,mis,match,avond.,11.0,468.0
32,mis,match,Al,12.0,434.8
32,mis,match,sinds,13.0,373.6
32,mis,match,jaren,14.0,380.0
32,mis,match,had,15.0,315.8
32,mis,match,hij,16.0,454.0
32,mis,match,niet,17.0,359.2
32,mis,match,meer,18.0,423.8
32,mis,match,zoiets,19.0,415.0
32,mis,match,meegemaakt.,20.0,828.8
32,mis,mis,De,1.0,461.0
32,mis,mis,accountant,2.0,296.6666666666667
32,mis,mis,had,3.0,287.6666666666667
32,mis,mis,een,4.0,254.33333333333334
32,mis,mis,zakenman,5.0,303.6666666666667
32,mis,mis,op,6.0,321.6666666666667
32,mis,mis,de,7.0,280.6666666666667
32,mis,mis,hoogte,8.0,270.0
32,mis,mis,gesteld,9.0,305.3333333333333
32,mis,mis,die,10.0,323.0
32,mis,mis,avond.,11.0,525.0
32,mis,mis,Al,12.0,848.0
32,mis,mis,sinds,13.0,246.0
32,mis,mis,jaren,14.0,274.6666666666667
32,mis,mis,had,15.0,257.0
32,mis,mis,hij,16.0,267.3333333333333
32,mis,mis,niet,17.0,227.0
32,mis,mis,meer,18.0,327.3333333333333
32,mis,mis,zoiets,19.0,358.3333333333333
32,mis,mis,meegemaakt.,20.0,877.0
4,match,match,De,1.0,547.5
4,match,match,dader,2.0,418.25
4,match,match,had,3.0,412.5
4,match,match,zich,4.0,373.25
4,match,match,door,5.0,393.75
4,match,match,een,6.0,380.25
4,match,match,danser,7.0,392.0
4,match,match,laten,8.0,398.5
4,match,match,herkennen,9.0,388.25
4,match,match,in,10.0,471.0
4,match,match,het,11.0,380.25
4,match,match,theater.,12.0,864.25
4,match,match,Na,13.0,666.0
4,match,match,de,14.0,434.0
4,match,match,overval,15.0,439.0
4,match,match,was,16.0,447.25
4,match,match,hij,17.0,412.0
4,match,match,heel,18.0,406.0
4,match,match,snel,19.0,387.0
4,match,match,weer,20.0,388.5
4,match,match,weggerend.,21.0,553.0
4,match,mis,De,1.0,299.5
4,match,mis,dader,2.0,729.5
4,match,mis,had,3.0,250.5
4,match,mis,zich,4.0,334.5
4,match,mis,door,5.0,377.0
4,match,mis,een,6.0,314.0
4,match,mis,danseres,7.0,315.0
4,match,mis,laten,8.0,373.5
4,match,mis,herkennen,9.0,292.5
4,match,mis,in,10.0,408.5
4,match,mis,het,11.0,273.0
4,match,mis,theater.,12.0,1382.0
4,match,mis,Na,13.0,275.5
4,match,mis,de,14.0,468.0
4,match,mis,overval,15.0,337.0
4,match,mis,was,16.0,259.0
4,match,mis,hij,17.0,285.0
4,match,mis,heel,18.0,287.0
4,match,mis,snel,19.0,434.0
4,match,mis,weer,20.0,317.0
4,match,mis,weggerend.,21.0,1027.5
4,mis,match,De,1.0,337.6666666666667
4,mis,match,dader,2.0,261.6666666666667
4,mis,match,had,3.0,254.33333333333334
4,mis,match,zich,4.0,315.3333333333333
4,mis,match,door,5.0,309.0
4,mis,match,een,6.0,305.0
4,mis,match,danseres,7.0,332.6666666666667
4,mis,match,laten,8.0,270.3333333333333
4,mis,match,herkennen,9.0,266.3333333333333
4,mis,match,in,10.0,253.33333333333334
4,mis,match,het,11.0,256.0
4,mis,match,theater.,12.0,324.0
4,mis,match,Na,13.0,330.3333333333333
4,mis,match,de,14.0,242.66666666666666
4,mis,match,overval,15.0,215.0
4,mis,match,was,16.0,235.0
4,mis,match,zij,17.0,215.0
4,mis,match,heel,18.0,527.6666666666666
4,mis,match,snel,19.0,234.0
4,mis,match,weer,20.0,204.0
4,mis,match,weggerend.,21.0,195.33333333333334
4,mis,mis,De,1.0,434.4
4,mis,mis,dader,2.0,490.6
4,mis,mis,had,3.0,480.6
4,mis,mis,zich,4.0,516.6
4,mis,mis,door,5.0,436.4
4,mis,mis,een,6.0,414.0
4,mis,mis,danser,7.0,405.0
4,mis,mis,laten,8.0,386.0
4,mis,mis,herkennen,9.0,449.6
4,mis,mis,in,10.0,398.2
4,mis,mis,het,11.0,331.2
4,mis,mis,theater.,12.0,786.0
4,mis,mis,Na,13.0,423.8
4,mis,mis,de,14.0,503.4
4,mis,mis,overval,15.0,533.2
4,mis,mis,was,16.0,430.0
4,mis,mis,zij,17.0,397.8
4,mis,mis,heel,18.0,415.4
4,mis,mis,snel,19.0,424.8
4,mis,mis,weer,20.0,388.8
4,mis,mis,weggerend.,21.0,1082.6
5,match,match,De,1.0,362.4
5,match,match,scheidsrechter,2.0,444.6
5,match,match,maakte,3.0,474.8
5,match,match,op,4.0,345.0
5,match,match,een,5.0,325.4
5,match,match,vader,6.0,535.2
5,match,match,grote,7.0,380.2
5,match,match,indruk,8.0,325.4
5,match,match,die,9.0,344.4
5,match,match,wedstrijd.,10.0,457.0
5,match,match,Na,11.0,599.0
5,match,match,de,12.0,290.2
5,match,match,rust,13.0,269.8
5,match,match,werd,14.0,286.6
5,match,match,hij,15.0,309.8
5,match,match,plotseling,16.0,271.8
5,match,match,ergens,17.0,326.4
5,match,match,door,18.0,289.4
5,match,match,afgeleid.,19.0,578.25
5,match,mis,De,1.0,433.2
5,match,mis,scheidsrechter,2.0,901.8
5,match,mis,maakte,3.0,534.6
5,match,mis,op,4.0,526.0
5,match,mis,een,5.0,507.8
5,match,mis,moeder,6.0,435.8
5,match,mis,grote,7.0,733.6
5,match,mis,indruk,8.0,567.4
5,match,mis,die,9.0,418.2
5,match,mis,wedstrijd.,10.0,641.8
5,match,mis,Na,11.0,486.2
5,match,mis,de,12.0,398.6
5,match,mis,rust,13.0,604.4
5,match,mis,werd,14.0,507.2
5,match,mis,hij,15.0,427.8
5,match,mis,plotseling,16.0,513.4
5,match,mis,ergens,17.0,434.0
5,match,mis,door,18.0,473.6
5,match,mis,afgeleid.,19.0,1060.0
5,mis,match,De,1.0,237.0
5,mis,match,scheidsrechter,2.0,615.5
5,mis,match,maakte,3.0,221.0
5,mis,match,op,4.0,314.5
5,mis,match,een,5.0,312.5
5,mis,match,moeder,6.0,263.0
5,mis,match,grote,7.0,317.0
5,mis,match,indruk,8.0,294.5
5,mis,match,die,9.0,311.5
5,mis,match,wedstrijd.,10.0,520.0
5,mis,match,Na,11.0,293.0
5,mis,match,de,12.0,348.5
5,mis,match,rust,13.0,270.0
5,mis,match,werd,14.0,199.5
5,mis,match,zij,15.0,350.0
5,mis,match,plotseling,16.0,256.0
5,mis,match,ergens,17.0,389.0
5,mis,match,door,18.0,324.0
5,mis,match,afgeleid.,19.0,609.0
5,mis,mis,De,1.0,439.75
5,mis,mis,scheidsrechter,2.0,468.75
5,mis,mis,maakte,3.0,424.0
5,mis,mis,op,4.0,467.75
5,mis,mis,een,5.0,442.75
5,mis,mis,vader,6.0,423.25
5,mis,mis,grote,7.0,515.0
5,mis,mis,indruk,8.0,452.5
5,mis,mis,die,9.0,443.75
5,mis,mis,wedstrijd.,10.0,504.0
5,mis,mis,Na,11.0,726.5
5,mis,mis,de,12.0,601.5
5,mis,mis,rust,13.0,326.25
5,mis,mis,werd,14.0,543.75
5,mis,mis,zij,15.0,733.25
5,mis,mis,plotseling,16.0,487.0
5,mis,mis,ergens,17.0,488.0
5,mis,mis,door,18.0,399.25
5,mis,mis,afgeleid.,19.0,636.0
6,match,match,De,1.0,311.0
6,match,match,fietsenmaker,2.0,427.5
6,match,match,kreeg,3.0,340.0
6,match,match,van,4.0,385.0
6,match,match,een,5.0,342.5
6,match,match,buurman,6.0,380.5
6,match,match,een,7.0,343.0
6,match,match,bezoekje,8.0,374.0
6,match,match,afgelopen,9.0,349.0
6,match,match,week.,10.0,595.5
6,match,match,Al,11.0,362.0
6,match,match,een,12.0,334.5
6,match,match,tijdje,13.0,358.5
6,match,match,had,14.0,343.0
6,match,match,hij,15.0,326.5
6,match,match,niets,16.0,401.5
6,match,match,van,17.0,367.0
6,match,match,zich,18.0,727.5
6,match,match,laten,19.0,332.5
6,match,match,horen.,20.0,319.5
6,match,mis,De,1.0,427.25
6,match,mis,fietsenmaker,2.0,686.75
6,match,mis,kreeg,3.0,518.5
6,match,mis,van,4.0,368.5
6,match,mis,een,5.0,349.5
6,match,mis,buurvrouw,6.0,515.75
6,match,mis,een,7.0,557.0
6,match,mis,bezoekje,8.0,520.25
6,match,mis,afgelopen,9.0,506.25
6,match,mis,week.,10.0,1121.5
6,match,mis,Al,11.0,520.25
6,match,mis,een,12.0,376.5
6,match,mis,tijdje,13.0,405.0
6,match,mis,had,14.0,375.5
6,match,mis,hij,15.0,416.0
6,match,mis,niets,16.0,421.0
6,match,mis,van,17.0,368.25
6,match,mis,zich,18.0,366.5
6,match,mis,laten,19.0,398.0
6,match,mis,horen.,20.0,395.0
6,mis,match,De,1.0,373.6
6,mis,match,fietsenmaker,2.0,564.2
6,mis,match,kreeg,3.0,492.4
6,mis,match,van,4.0,484.0
6,mis,match,een,5.0,431.0
6,mis,match,buurvrouw,6.0,339.0
6,mis,match,een,7.0,469.2
6,mis,match,bezoekje,8.0,374.4
6,mis,match,afgelopen,9.0,481.6
6,mis,match,week.,10.0,1039.4
6,mis,match,Al,11.0,423.6
6,mis,match,een,12.0,328.6
6,mis,match,tijdje,13.0,455.0
6,mis,match,had,14.0,515.0
6,mis,match,zij,15.0,400.4
6,mis,match,niets,16.0,392.0
6,mis,match,van,17.0,376.6
6,mis,match,zich,18.0,349.8
6,mis,match,laten,19.0,344.4
6,mis,match,horen.,20.0,397.6
6,mis,mis,De,1.0,322.6
6,mis,mis,fietsenmaker,2.0,443.8
6,mis,mis,kreeg,3.0,457.0
6,mis,mis,van,4.0,351.2
6,mis,mis,een,5.0,353.0
6,mis,mis,buurman,6.0,463.2
6,mis,mis,een,7.0,403.2
6,mis,mis,bezoekje,8.0,458.2
6,mis,mis,afgelopen,9.0,366.0
6,mis,mis,week.,10.0,399.4
6,mis,mis,Al,11.0,448.4
6,mis,mis,een,12.0,334.2
6,mis,mis,tijdje,13.0,381.4
6,mis,mis,had,14.0,364.2
6,mis,mis,zij,15.0,330.0
6,mis,mis,niets,16.0,333.0
6,mis,mis,van,17.0,334.0
6,mis,mis,zich,18.0,329.6
6,mis,mis,laten,19.0,328.4
6,mis,mis,horen.,20.0,1147.2
7,match,match,De,1.0,634.0
7,match,match,burgemeester,2.0,514.0
7,match,match,zocht,3.0,328.3333333333333
7,match,match,met,4.0,311.0
7,match,match,een,5.0,246.33333333333334
7,match,match,bruidegom,6.0,283.3333333333333
7,match,match,telefonisch,7.0,468.6666666666667
7,match,match,contact,8.0,360.3333333333333
7,match,match,die,9.0,312.6666666666667
7,match,match,dag.,10.0,354.0
7,match,match,Sinds,11.0,464.6666666666667
7,match,match,twee,12.0,366.3333333333333
7,match,match,dagen,13.0,301.3333333333333
7,match,match,woont,14.0,275.3333333333333
7,match,match,hij,15.0,326.3333333333333
7,match,match,pas,16.0,344.0
7,match,match,in,17.0,284.3333333333333
7,match,match,deze,18.0,315.3333333333333
7,match,match,gemeente.,19.0,349.0
7,match,mis,De,1.0,458.2
7,match,mis,burgemeester,2.0,368.6
7,match,mis,zocht,3.0,599.8
7,match,mis,met,4.0,411.6
7,match,mis,een,5.0,365.2
7,match,mis,bruid,6.0,411.2
7,match,mis,telefonisch,7.0,383.6
7,match,mis,contact,8.0,392.2
7,match,mis,die,9.0,333.4
7,match,mis,dag.,10.0,403.8
7,match,mis,Sinds,11.0,480.4
7,match,mis,twee,12.0,465.6
7,match,mis,dagen,13.0,310.6
7,match,mis,woont,14.0,306.6
7,match,mis,hij,15.0,332.6
7,match,mis,pas,16.0,357.2
7,match,mis,in,17.0,310.0
7,match,mis,deze,18.0,358.6
7,match,mis,gemeente.,19.0,566.4
7,mis,match,De,1.0,557.5
7,mis,match,burgemeester,2.0,467.75
7,mis,match,zocht,3.0,528.25
7,mis,match,met,4.0,397.25
7,mis,match,een,5.0,393.5
7,mis,match,bruid,6.0,426.75
7,mis,match,telefonisch,7.0,423.5
7,mis,match,contact,8.0,445.75
7,mis,match,die,9.0,406.0
7,mis,match,dag.,10.0,575.0
7,mis,match,Sinds,11.0,458.5
7,mis,match,twee,12.0,484.0
7,mis,match,dagen,13.0,440.5
7,mis,match,woont,14.0,394.75
7,mis,match,zij,15.0,399.5
7,mis,match,pas,16.0,407.5
7,mis,match,in,17.0,389.25
7,mis,match,deze,18.0,432.25
7,mis,match,gemeente.,19.0,432.0
7,mis,mis,De,1.0,308.0
7,mis,mis,burgemeester,2.0,475.5
7,mis,mis,zocht,3.0,380.5
7,mis,mis,met,4.0,374.0
7,mis,mis,een,5.0,335.0
7,mis,mis,bruidegom,6.0,411.5
7,mis,mis,telefonisch,7.0,362.5
7,mis,mis,contact,8.0,449.5
7,mis,mis,die,9.0,378.0
7,mis,mis,dag.,10.0,920.5
7,mis,mis,Sinds,11.0,541.0
7,mis,mis,twee,12.0,333.5
7,mis,mis,dagen,13.0,729.0
7,mis,mis,woont,14.0,355.0
7,mis,mis,zij,15.0,380.5
7,mis,mis,pas,16.0,410.5
7,mis,mis,in,17.0,609.5
7,mis,mis,deze,18.0,347.5
7,mis,mis,gemeente.,19.0,552.5
8,match,match,De,1.0,410.3333333333333
8,match,match,glazenwasser,2.0,810.3333333333334
8,match,match,zag,3.0,383.3333333333333
8,match,match,een,4.0,352.0
8,match,match,kapper,5.0,371.3333333333333
8,match,match,in,6.0,428.6666666666667
8,match,match,de,7.0,353.3333333333333
8,match,match,kapsalon,8.0,396.0
8,match,match,die,9.0,378.6666666666667
8,match,match,middag.,10.0,749.0
8,match,match,Na,11.0,417.0
8,match,match,de,12.0,363.0
8,match,match,lunchpauze,13.0,448.0
8,match,match,was,14.0,350.0
8,match,match,hij,15.0,339.0
8,match,match,al,16.0,317.6666666666667
8,match,match,snel,17.0,334.6666666666667
8,match,match,naar,18.0,353.6666666666667
8,match,match,huis,19.0,349.0
8,match,match,gegaan.,20.0,476.3333333333333
8,match,mis,De,1.0,409.5
8,match,mis,glazenwasser,2.0,440.0
8,match,mis,zag,3.0,381.5
8,match,mis,een,4.0,302.0
8,match,mis,kapster,5.0,387.5
8,match,mis,in,6.0,314.0
8,match,mis,de,7.0,332.5
8,match,mis,kapsalon,8.0,333.5
8,match,mis,die,9.0,429.5
8,match,mis,middag.,10.0,362.0
8,match,mis,Na,11.0,323.0
8,match,mis,de,12.0,271.0
8,match,mis,lunchpauze,13.0,458.5
8,match,mis,was,14.0,342.5
8,match,mis,hij,15.0,272.5
8,match,mis,al,16.0,309.0
8,match,mis,snel,17.0,378.5
8,match,mis,naar,18.0,402.5
8,match,mis,huis,19.0,346.0
8,match,mis,gegaan.,20.0,392.0
8,mis,match,De,1.0,338.2
8,mis,match,glazenwasser,2.0,500.6
8,mis,match,zag,3.0,358.4
8,mis,match,een,4.0,366.8
8,mis,match,kapster,5.0,340.6
8,mis,match,in,6.0,377.2
8,mis,match,de,7.0,290.8
8,mis,match,kapsalon,8.0,311.6
8,mis,match,die,9.0,323.4
8,mis,match,middag.,10.0,473.8
8,mis,match,Na,11.0,448.0
8,mis,match,de,12.0,357.6
8,mis,match,lunchpauze,13.0,414.6
8,mis,match,was,14.0,400.2
8,mis,match,zij,15.0,308.6
8,mis,match,al,16.0,323.4
8,mis,match,snel,17.0,313.2
8,mis,match,naar,18.0,317.0
8,mis,match,huis,19.0,323.0
8,mis,match,gegaan.,20.0,562.2
8,mis,mis,De,1.0,402.6666666666667
8,mis,mis,glazenwasser,2.0,483.6666666666667
8,mis,mis,zag,3.0,680.0
8,mis,mis,een,4.0,324.6666666666667
8,mis,mis,kapper,5.0,335.3333333333333
8,mis,mis,in,6.0,348.3333333333333
8,mis,mis,de,7.0,273.6666666666667
8,mis,mis,kapsalon,8.0,400.0
8,mis,mis,die,9.0,382.6666666666667
8,mis,mis,middag.,10.0,524.3333333333334
8,mis,mis,Na,11.0,437.3333333333333
8,mis,mis,de,12.0,314.3333333333333
8,mis,mis,lunchpauze,13.0,497.3333333333333
8,mis,mis,was,14.0,456.6666666666667
8,mis,mis,zij,15.0,422.3333333333333
8,mis,mis,al,16.0,458.0
8,mis,mis,snel,17.0,539.0
8,mis,mis,naar,18.0,422.3333333333333
8,mis,mis,huis,19.0,485.6666666666667
8,mis,mis,gegaan.,20.0,1233.0
9,match,match,De,1.0,347.3333333333333
9,match,match,makelaar,2.0,288.3333333333333
9,match,match,gaf,3.0,253.66666666666666
9,match,match,een,4.0,264.6666666666667
9,match,match,schoonheidsspecialist,5.0,496.6666666666667
9,match,match,een,6.0,408.3333333333333
9,match,match,rondleiding,7.0,308.6666666666667
9,match,match,in,8.0,286.6666666666667
9,match,match,het,9.0,203.66666666666666
9,match,match,gebouw.,10.0,299.3333333333333
9,match,match,De,11.0,386.0
9,match,match,dag,12.0,221.0
9,match,match,ervoor,13.0,203.33333333333334
9,match,match,was,14.0,303.3333333333333
9,match,match,hij,15.0,307.6666666666667
9,match,match,heel,16.0,285.0
9,match,match,toevallig,17.0,284.0
9,match,match,net,18.0,321.6666666666667
9,match,match,vijftig,19.0,238.33333333333334
9,match,match,geworden.,20.0,380.6666666666667
9,match,mis,De,1.0,345.6666666666667
9,match,mis,makelaar,2.0,218.66666666666666
9,match,mis,gaf,3.0,265.3333333333333
9,match,mis,een,4.0,386.0
9,match,mis,schoonheidsspecialiste,5.0,1035.6666666666667
9,match,mis,een,6.0,526.6666666666666
9,match,mis,rondleiding,7.0,619.6666666666666
9,match,mis,in,8.0,405.6666666666667
9,match,mis,het,9.0,289.0
9,match,mis,gebouw.,10.0,672.6666666666666
9,match,mis,De,11.0,402.0
9,match,mis,dag,12.0,246.33333333333334
9,match,mis,ervoor,13.0,301.3333333333333
9,match,mis,was,14.0,336.6666666666667
9,match,mis,hij,15.0,293.3333333333333
9,match,mis,heel,16.0,271.3333333333333
9,match,mis,toevallig,17.0,340.6666666666667
9,match,mis,net,18.0,279.6666666666667
9,match,mis,vijftig,19.0,359.6666666666667
9,match,mis,geworden.,20.0,521.3333333333334
9,mis,match,De,1.0,461.5
9,mis,match,makelaar,2.0,357.0
9,mis,match,gaf,3.0,410.0
9,mis,match,een,4.0,340.0
9,mis,match,schoonheidsspecialiste,5.0,545.5
9,mis,match,een,6.0,456.5
9,mis,match,rondleiding,7.0,432.0
9,mis,match,in,8.0,363.5
9,mis,match,het,9.0,349.0
9,mis,match,gebouw.,10.0,497.0
9,mis,match,De,11.0,437.5
9,mis,match,dag,12.0,335.0
9,mis,match,ervoor,13.0,363.5
9,mis,match,was,14.0,358.0
9,mis,match,zij,15.0,349.0
9,mis,match,heel,16.0,424.5
9,mis,match,toevallig,17.0,428.5
9,mis,match,net,18.0,381.5
9,mis,match,vijftig,19.0,464.5
9,mis,match,geworden.,20.0,500.0
9,mis,mis,De,1.0,337.3333333333333
9,mis,mis,makelaar,2.0,366.6666666666667
9,mis,mis,gaf,3.0,333.3333333333333
9,mis,mis,een,4.0,308.6666666666667
9,mis,mis,schoonheidsspecialist,5.0,688.6666666666666
9,mis,mis,een,6.0,490.0
9,mis,mis,rondleiding,7.0,341.0
9,mis,mis,in,8.0,376.0
9,mis,mis,het,9.0,325.0
9,mis,mis,gebouw.,10.0,469.6666666666667
9,mis,mis,De,11.0,391.3333333333333
9,mis,mis,dag,12.0,269.3333333333333
9,mis,mis,ervoor,13.0,308.0
9,mis,mis,was,14.0,302.6666666666667
9,mis,mis,zij,15.0,297.3333333333333
9,mis,mis,heel,16.0,310.3333333333333
9,mis,mis,toevallig,17.0,324.0
9,mis,mis,net,18.0,355.6666666666667
9,mis,mis,vijftig,19.0,310.0
9,mis,mis,geworden.,20.0,848.3333333333334
